stage,seed,method,phase,annotations,n,ce,accuracy,top5_accuracy,ece,layer3_within,layer3_between,layer3_total,layer3_log_kappa,layer3_kappa,layer4_within,layer4_between,layer4_total,layer4_log_kappa,layer4_kappa,mean_log_kappa
confirmation,42001,entropy,1,25338,5000,2.3766267678430677,0.3932,0.6958,0.041939262943731355,0.21352725369072756,0.07060278285379734,0.2841300365445249,1.1066854351387172,3.0243174665710306,0.5060390139603357,0.18440401309396875,0.6904430270543045,1.0094812484049531,2.744177099472176,1.0580833417718352
confirmation,42001,entropy,2,38007,5000,1.911465703799291,0.4946,0.8006,0.07182791016379252,0.23714012179171398,0.07541935158329571,0.31255947337500967,1.1455782610314573,3.1442590337146687,0.5967817695949169,0.18323333977239176,0.7800151093673084,1.1807872983035663,3.2569373750369213,1.1631827796675118
confirmation,42001,entropy,3,50676,5000,1.5562679499606968,0.6006,0.8516,0.07416531175006656,0.2755455720767616,0.08243034303510471,0.3579759151118663,1.2067909187268484,3.3427402967268858,0.65941823483479,0.17357481635359606,0.8329930511883861,1.3347450146163837,3.799027126517838,1.270767966671616
confirmation,42001,entropy,4,63345,5000,1.3114099615818822,0.67,0.8866,0.07921471003343276,0.31551123118471697,0.08836997248896714,0.4038812036736841,1.272653898641329,3.5703152550924755,0.6909881976116661,0.16648610675824815,0.8574743043699143,1.4232063211319885,4.150406665514552,1.3479301098866587
confirmation,42001,entropy,5,76014,5000,1.1568864696891483,0.7078,0.9106,0.08507641155982433,0.3500731114429251,0.09220018679449221,0.4422732982374173,1.3341718766106963,3.7968503835336453,0.7049984542291878,0.16350804442155153,0.8685064986507396,1.4613287222986187,4.311684755563677,1.3977502994546573
confirmation,42001,lite,1,25338,5000,2.3668079359452388,0.3908,0.696,0.036559661176973936,0.19359559915287203,0.10234329610063286,0.2959388952535049,0.6374340271285495,1.8916207989013163,0.40983136382309504,0.22885676101152572,0.6386881248346208,0.58264752774613,1.7907732821106077,0.6100407774373398
confirmation,42001,lite,2,38007,5000,1.8824833886017052,0.4952,0.7984,0.055193534615963144,0.21335792038107404,0.1187497191106572,0.3321076394917313,0.5859493212146438,1.7966958177512733,0.4178116632500518,0.26792121397922497,0.6857328772292768,0.44433646598675647,1.5594551009587039,0.5151428936007001
confirmation,42001,lite,3,50676,5000,1.4925764381492899,0.606,0.8632,0.050112147070335136,0.23593197395400634,0.1284385054729586,0.364370479426965,0.608089737061396,1.8369190467155696,0.41459516000741015,0.29864389346216197,0.7132390534695721,0.3280497177424224,1.388257991626899,0.4680697274019092
confirmation,42001,lite,4,63345,5000,1.2083655827721118,0.6828,0.8988,0.05435474570464207,0.2672834716022221,0.13642962782621018,0.40371309942843225,0.6724972635543041,1.9591236649786423,0.4390931109120497,0.32254374750370296,0.7616368584157527,0.308471887193734,1.361343237830927,0.490484575374019
confirmation,42001,lite,5,76014,5000,1.0312226059206424,0.7316,0.9212,0.05841522637255705,0.29443410612209664,0.14040393551192412,0.43483804163402073,0.7405279818914015,2.0970424226795874,0.4573807190370201,0.3362054809400421,0.7935861999770621,0.3077928158386447,1.3604191024461183,0.5241603988650231
confirmation,42001,tuned_fixed,1,25338,5000,2.3689416176902087,0.39,0.6956,0.035265045041303206,0.18762217374105333,0.11299786656840642,0.30062004030945977,0.5070577680536268,1.660398722915255,0.39811672911178936,0.23418429760076584,0.6323010267125552,0.530635091249386,1.7000116283580367,0.5188464296515064
confirmation,42001,tuned_fixed,2,38007,5000,1.884949321803599,0.4954,0.7994,0.052532773128210114,0.20363025510881919,0.13128089779737806,0.33491115290619733,0.43896388243516204,1.5510992644477604,0.38298003639988254,0.2720809614585233,0.6550609978584058,0.341882124841393,1.4075943673254683,0.39042300363827753
confirmation,42001,tuned_fixed,3,50676,5000,1.4854508976880478,0.6042,0.8646,0.048417359522102264,0.2265937993977168,0.14192834108772548,0.3685221404854423,0.467834061962223,1.5965324552423608,0.37585085463395607,0.3095925337374438,0.6854433883713997,0.19393480648048356,1.2140171343265322,0.3308844342213533
confirmation,42001,tuned_fixed,4,63345,5000,1.2015164906293785,0.6804,0.9022,0.0551494742362391,0.2534873031587642,0.15116798112704144,0.4046552842858057,0.5169193891582957,1.676853950254082,0.41758182813229716,0.3357205140377195,0.7533023421700167,0.21820092632282695,1.2438369621000227,0.36756015774056133
confirmation,42001,tuned_fixed,5,76014,5000,1.0209048117098996,0.731,0.9232,0.055374578673481015,0.2780125248107427,0.15316294694631213,0.43117547175705484,0.5961608665429381,1.8151368540286668,0.4293933918541666,0.34905343259918264,0.7784468244533492,0.20714794756224442,1.2301645581657399,0.40165440705259126
confirmation,42001,tuned_schedule,1,25338,5000,2.368913715191623,0.3924,0.6928,0.037082945254932304,0.18793024435457661,0.11178473559688226,0.2997149799514589,0.5194922104173023,1.6811737503994924,0.40541804660459363,0.23118564621728602,0.6366036928218797,0.5616958386109833,1.7536438770929323,0.5405940245141427
confirmation,42001,tuned_schedule,2,38007,5000,1.891127217064296,0.4962,0.799,0.05526476968822501,0.20582559489452057,0.12732693363396502,0.33315252852848565,0.4802681289202644,1.6165077765749265,0.4523863792512566,0.25886813474315296,0.7112545139944095,0.5582161837851886,1.7475524059680205,0.5192421563527265
confirmation,42001,tuned_schedule,3,50676,5000,1.5218203625832203,0.6036,0.8594,0.05930975412301292,0.23023665808766858,0.13586041163581117,0.3660970697234797,0.5274767373934277,1.69465086013416,0.5172395602787122,0.2597781975836789,0.7770177578623912,0.6886760364913409,1.991077673230941,0.6080763869423843
confirmation,42001,tuned_schedule,4,63345,5000,1.244972766147394,0.6774,0.8958,0.06877736554079646,0.2624198185780575,0.13559073565209673,0.3980105542301542,0.6603009658854415,1.9353747285260858,0.5866772439597279,0.23614956010425822,0.8228268040639861,0.9100069650367064,2.484339836842712,0.785153965461074
confirmation,42001,tuned_schedule,5,76014,5000,1.0778913427264236,0.724,0.9158,0.07023623721833354,0.30257390434561104,0.12397641516469718,0.42655031951030814,0.8922294512424096,2.440564710464861,0.6410110384585902,0.20563702340016848,0.8466480618587586,1.1369307822922181,3.117186344527298,1.0145801167673139
confirmation,42002,entropy,1,25338,5000,2.3561413684430477,0.3872,0.7076,0.038326095166442045,0.21918343572451882,0.07341262497368173,0.29259606069820054,1.093804002908031,2.9856097666215895,0.5097458052372013,0.18337704487100975,0.6931228501082112,1.02236430118309,2.779759188706386,1.0580841520455606
confirmation,42002,entropy,2,38007,5000,1.879702813530606,0.5112,0.8032,0.06270580522245951,0.23676906423419306,0.07632691799804875,0.3130959822322418,1.1320507079759679,3.1020113012940542,0.6051846047869506,0.17967086750385983,0.7848554722908103,1.2144029667861205,3.368282487373543,1.1732268373810442
confirmation,42002,entropy,3,50676,5000,1.537308459580483,0.6042,0.8576,0.07397816839521491,0.27334882933312504,0.08339405152252594,0.356742880855651,1.1871634276458023,3.2777703753716145,0.6679144331255027,0.16936569841063143,0.8372801315361339,1.3720953910460207,3.9436054395187794,1.2796294093459115
confirmation,42002,entropy,4,63345,5000,1.3043404994257066,0.6688,0.8916,0.07930859379299711,0.3138430803445239,0.08874492683307453,0.4025880071775984,1.2631187707057283,3.5364336318763643,0.6959166069002264,0.16340851151439462,0.8593251184146209,1.4489718817021886,4.258733781472222,1.3560453262039585
confirmation,42002,entropy,5,76014,5000,1.1592787321787388,0.7122,0.9102,0.08268719333798903,0.3438174410773085,0.09261927743301984,0.4364367185103283,1.3116056340404525,3.7121292508106283,0.7097517770815029,0.15925243122277666,0.8690042083042796,1.4944198677455138,4.456750298137331,1.4030127508929833
confirmation,42002,lite,1,25338,5000,2.3477292318907863,0.386,0.7054,0.02796740930777407,0.19502504818886618,0.11086664446522657,0.3058916926540928,0.5647960324564336,1.7590889490759927,0.4143547888913353,0.22813297265174626,0.6424877615430815,0.5967919424802182,1.8162827047414922,0.5807939874683259
confirmation,42002,lite,2,38007,5000,1.84397511522323,0.51,0.8056,0.044507773789199706,0.2056618321775946,0.12386176510833939,0.329523597285934,0.5070638711436826,1.6604088565091124,0.3863206340987061,0.26314108377806367,0.6494617178767697,0.3839761426645518,1.468110416061511,0.4455200069041172
confirmation,42002,lite,3,50676,5000,1.4646994668581197,0.6166,0.8672,0.04626790721572473,0.22782095307577668,0.13086775748610138,0.35868871056187807,0.5543694465633051,1.7408429441226412,0.3881696373725133,0.3008279804222359,0.6889976177947492,0.25490309806418765,1.2903365787022478,0.4046362723137464
confirmation,42002,lite,4,63345,5000,1.2003729246787356,0.686,0.8968,0.057816858201335,0.25541279692310664,0.1374347239017196,0.39284752082482616,0.6197286177025942,1.8584236301309347,0.42082971053807544,0.3224889936466564,0.7433187041847318,0.26615853177497506,1.304941917048032,0.44294357473878465
confirmation,42002,lite,5,76014,5000,1.0347988933012542,0.7268,0.9206,0.0684355827881342,0.27984298901511234,0.1424011312813354,0.4222441202964477,0.675577300067558,1.965167139684456,0.4522663312030917,0.3319646056165548,0.7842309368196465,0.3092420797055131,1.3623921380743718,0.49240968988653555
confirmation,42002,tuned_fixed,1,25338,5000,2.3489378500775286,0.3828,0.7046,0.029395191279829997,0.1883356437681022,0.1221722344801946,0.31050787824829673,0.43279102754707566,1.541554044708813,0.401067581321083,0.2328788504356719,0.6339464317567549,0.5436097812222885,1.722212465229445,0.4882004043846821
confirmation,42002,tuned_fixed,2,38007,5000,1.8435678638380166,0.5122,0.8058,0.04058551496857717,0.19509417024057268,0.13687982967485154,0.3319739999154242,0.3543768011250348,1.4252921369924787,0.4139883661312479,0.2729367304117665,0.6869250965430145,0.4165966123842818,1.516790534993767,0.3854867067546583
confirmation,42002,tuned_fixed,3,50676,5000,1.4737648303498672,0.608,0.8604,0.05348930787103589,0.21609370385419116,0.14541900851045847,0.3615127123646496,0.396090589619974,1.4860039279852597,0.366793440604688,0.3048280686815789,0.671621509286267,0.18505039483636954,1.2032790776519986,0.2905704922281718
confirmation,42002,tuned_fixed,4,63345,5000,1.1941925008120358,0.69,0.901,0.05088219079943055,0.23890888167755353,0.15295590547951027,0.39186478715706374,0.4459301985291091,1.5619424368490331,0.3828145005005088,0.3288169419752648,0.7116314424757736,0.1520489214400399,1.164217190220435,0.2989895599845745
confirmation,42002,tuned_fixed,5,76014,5000,1.021589923192752,0.7332,0.922,0.06321612078670101,0.26215309125958636,0.15779862534790884,0.4199517166074951,0.5076064312684665,1.6613099725782106,0.4023143076295652,0.34352965020125387,0.7458439578308191,0.1579597917191694,1.1711191050751162,0.33278311149381795
confirmation,42002,tuned_schedule,1,25338,5000,2.348356757359066,0.3854,0.7046,0.029681702232142088,0.18932668863932078,0.1211383534576218,0.3104650420969426,0.44653775169556154,1.5628916882535064,0.405929060933682,0.23129253346963702,0.637221594403319,0.5624932695356271,1.7550428446672084,0.5045155106155943
confirmation,42002,tuned_schedule,2,38007,5000,1.8369328388944344,0.5108,0.8068,0.04210438886041181,0.19790631759971689,0.1352524079165247,0.3331587255162416,0.38064871360027586,1.4632335010875344,0.42888925854293203,0.2561369716150522,0.6850262301579843,0.515484827692844,1.6744501248237722,0.4480667706465599
confirmation,42002,tuned_schedule,3,50676,5000,1.4694083405805045,0.6154,0.8634,0.05590776901953231,0.2213384397187355,0.13863502128804273,0.3599734610067783,0.46784550267605685,1.5965507208177931,0.5074486387124548,0.25599913995051043,0.7634477786629653,0.6842194807666941,1.9822240675749407,0.5760324917213755
confirmation,42002,tuned_schedule,4,63345,5000,1.2157857763565993,0.6818,0.8992,0.06381965644187415,0.2522759240525455,0.13868476063001217,0.3909606846825576,0.5983167301628918,1.8190542627196844,0.6019867992535748,0.22782699960640027,0.829813798859975,0.9716462215131715,2.642290676710412,0.7849814758380316
confirmation,42002,tuned_schedule,5,76014,5000,1.0702147258802135,0.7264,0.918,0.0695909951832055,0.28916145679428507,0.12722799418010827,0.41638945097439334,0.8210000978116636,2.272771695301938,0.6532818273779814,0.19877953343630694,0.8520613608142884,1.1898087864471072,3.2864527329951327,1.0054044421293855
confirmation,42003,entropy,1,25338,5000,2.3758296804530894,0.3904,0.7018,0.026038101750471145,0.2099530291722453,0.0699635106515577,0.279916539823803,1.0989004752557776,3.0008646843522357,0.49702292358696776,0.18862943112844166,0.6856523547154094,0.9688484509957062,2.6349084854104783,1.033874463125742
confirmation,42003,entropy,2,38007,5000,1.8666064606277506,0.5096,0.8016,0.04876917261382218,0.22767986928932785,0.07506894017631208,0.30274880946564,1.1095247376861845,3.0329166208816467,0.598276529403555,0.185217951363493,0.7834944807670481,1.1725160961306278,3.230109689096732,1.1410204169084062
confirmation,42003,entropy,3,50676,5000,1.4980249011815814,0.6092,0.8654,0.06709835408645518,0.26488807856736946,0.08133674327826267,0.3462248218456321,1.18070101112727,3.256656355231833,0.6581130223702999,0.17343168196232606,0.831544704332626,1.3335886787118234,3.794636713934106,1.2571448449195466
confirmation,42003,entropy,4,63345,5000,1.2868913228308902,0.6756,0.8886,0.07633688568002746,0.3042293438773402,0.08674101193173656,0.3909703558090768,1.2548467915029926,3.5073009848648726,0.690054320832296,0.16706700433345786,0.8571213251657539,1.4183708283905077,4.130385848477524,1.3366088099467501
confirmation,42003,entropy,5,76014,5000,1.1396975884920026,0.7204,0.9062,0.07443111968600538,0.3347926356919507,0.09026210469384904,0.42505474038579977,1.3107855381155045,3.7090861967078452,0.7066438420565737,0.16282660028459953,0.8694704423411732,1.4678362205221172,4.339834529413065,1.3893108793188107
confirmation,42003,lite,1,25338,5000,2.3764262735001442,0.387,0.7014,0.019258792044236608,0.18934067615190328,0.10689837670842942,0.2962390528603327,0.5716652058548584,1.771214033065293,0.40151566833684404,0.23226851489833455,0.6337841832351786,0.547350648124844,1.7286670982741308,0.5595079269898512
confirmation,42003,lite,2,38007,5000,1.8602785170109015,0.5122,0.8044,0.03257571395710026,0.2007256064406992,0.12193678985496555,0.32266239629566473,0.49843281977200404,1.6461394509400746,0.37272147182885207,0.2679099146561369,0.6406313864849889,0.3301795821003153,1.3912179438722778,0.41430620093615966
confirmation,42003,lite,3,50676,5000,1.4513448481104372,0.6158,0.8698,0.04600249183627703,0.22299361222817954,0.12959152924739703,0.3525851414755767,0.542752473195856,1.7207366313722792,0.3602902529291725,0.3097761403018262,0.6700663932309987,0.1510596035784968,1.163065978910286,0.3469060383871764
confirmation,42003,lite,4,63345,5000,1.2035970236130458,0.685,0.9006,0.05658294790921914,0.24621768056777094,0.13582007803609392,0.38203775860386485,0.5948816695565426,1.8128164208970516,0.3807828516947523,0.33243185123374,0.7132147029284923,0.13579400722995638,1.1454459157137145,0.3653378383932495
confirmation,42003,lite,5,76014,5000,1.0246221297012688,0.7356,0.9228,0.054610932646472474,0.2702789809448415,0.13912401161838062,0.4094029925632221,0.6640854950763444,1.9427130880406924,0.40452729581580904,0.3434985701473637,0.7480258659631727,0.1635358263539325,1.1776675459659633,0.41381066071513845
confirmation,42003,tuned_fixed,1,25338,5000,2.380163308692722,0.3838,0.7018,0.022242398503154206,0.1820326101901868,0.1170459863470166,0.29907859653720337,0.4416158945112587,1.5552182578242575,0.3903976186384766,0.23630196169886358,0.6266995803373402,0.5020535984559222,1.6521105610855067,0.4718347464835905
confirmation,42003,tuned_fixed,2,38007,5000,1.8487668300083449,0.5108,0.8044,0.03278637499364988,0.18935062092601884,0.13453592398721342,0.3238865449132323,0.3417670256345633,1.407432363653677,0.35340940997533266,0.2711365115796663,0.624545921554999,0.2650039011007592,1.3034360606038562,0.30338546336766126
confirmation,42003,tuned_fixed,3,50676,5000,1.4544540765309197,0.6082,0.8708,0.04234481777046195,0.2070218753219198,0.14199558437877077,0.3490174597006905,0.3770262923199281,1.4579426415616714,0.3383185270631356,0.31532926264203076,0.6536477897051663,0.07037025285054122,1.0729053539881859,0.22369827258523467
confirmation,42003,tuned_fixed,4,63345,5000,1.1836816476481884,0.6838,0.9,0.05558472342197375,0.22999083681080496,0.1491301448564545,0.3791209816672595,0.433217730518779,1.5422119707602495,0.3544994739051632,0.34315082735804886,0.697650301263212,0.03253668821213873,1.033071794005844,0.23287720936545886
confirmation,42003,tuned_fixed,5,76014,5000,1.0235098939879363,0.733,0.9158,0.05470650907534506,0.2518611303436578,0.1542979287333779,0.40615905907703576,0.4899900193926485,1.6322999285294135,0.3704294527150341,0.3562563539589729,0.7266858066740071,0.03901234108416962,1.0397833156243936,0.2645011802384091
confirmation,42003,tuned_schedule,1,25338,5000,2.38068858701932,0.3842,0.6984,0.022758799179278068,0.18390668075858183,0.11621695053675343,0.30012363129533526,0.4589665845408448,1.5824378240125803,0.3974020190052948,0.23368643214171952,0.6310884511470144,0.5309664646250577,1.700575060298023,0.49496652458295126
confirmation,42003,tuned_schedule,2,38007,5000,1.8655999791753435,0.5074,0.8032,0.03550723824566575,0.191245196627273,0.13130637433746314,0.3225515709647361,0.3760206418285994,1.4564771978134727,0.4513512828363987,0.26016093600964146,0.7115122188460401,0.5509438815845265,1.734889775803605,0.4634822617065629
confirmation,42003,tuned_schedule,3,50676,5000,1.453442405256817,0.6188,0.864,0.04419216299753777,0.21367316242991494,0.13516179698860356,0.3488349594185185,0.4579722936725208,1.5808652024856455,0.52341217826733,0.2549856275118065,0.7783978057791366,0.7191600653210369,2.0527083454331145,0.5885661794967789
confirmation,42003,tuned_schedule,4,63345,5000,1.223061715297286,0.6818,0.899,0.06015260797441555,0.24276394674249008,0.13444991758551114,0.3772138643280012,0.5908944704247754,1.8056027515624125,0.5953752724462753,0.22828826790365697,0.8236635403499323,0.9585800526505034,2.60799063360936,0.7747372615376393
confirmation,42003,tuned_schedule,5,76014,5000,1.0651355363307349,0.7298,0.9162,0.06405402101967428,0.28184120457049366,0.12202119181552933,0.403862396386023,0.8371444277475804,2.309761858700071,0.6462312457037256,0.202115058118536,0.8483463038222616,1.1623168750917725,3.197332521321618,0.9997306514196764
confirmation,42004,entropy,1,25338,5000,2.3852073807892746,0.3882,0.694,0.038673307678597085,0.20567993871266307,0.06998316567830053,0.27566310439096364,1.0780571150289,2.938963931614563,0.49854088436290644,0.19025234733288118,0.6887932316957878,0.9633310156825404,2.6204105806907094,1.0206940653557202
confirmation,42004,entropy,2,38007,5000,1.854923296080527,0.5104,0.804,0.05530920218929069,0.23069482776337627,0.07549410968259675,0.306188937445973,1.1170321981573805,3.0557718073831297,0.5971273865954125,0.18866755076194996,0.7857949373573625,1.1521403673397066,3.1649598419231584,1.1345862827485436
confirmation,42004,entropy,3,50676,5000,1.493482678712379,0.6148,0.8664,0.06441887477262542,0.26821712438193435,0.08219422950323878,0.3504113538851731,1.1827032812862386,3.2631835935364797,0.6601286154842239,0.1760283872830415,0.8361570027672653,1.3217852485375805,3.7501102837038633,1.2522442649119094
confirmation,42004,entropy,4,63345,5000,1.2560952878737484,0.684,0.8996,0.06764372388513697,0.3067406619373041,0.0881632468946787,0.3949039088319828,1.246804384448469,3.479206965877433,0.6863332532616739,0.1702338957144739,0.8565671489761479,1.3941855358873259,4.031689568587786,1.3204949601678975
confirmation,42004,entropy,5,76014,5000,1.099379211298617,0.7276,0.9148,0.0696618369910347,0.3389828191099348,0.09192938424041236,0.4309122033503472,1.3049207774287868,3.6873969570652387,0.7005494344830917,0.16437557846436965,0.8649250129474613,1.4497063553088925,4.261862858004089,1.3773135663688396
confirmation,42004,lite,1,25338,5000,2.3838263720358603,0.3774,0.6948,0.03837206233074289,0.1837100764774432,0.11203866349272364,0.2957487399701668,0.49451134002908526,1.6396967890694725,0.4000356803775188,0.2361188826243984,0.6361545630019172,0.5272165905766201,1.69421005944623,0.5108639653028526
confirmation,42004,lite,2,38007,5000,1.8472068657907807,0.5078,0.8018,0.04233176677832471,0.19932793206894645,0.12981180295348183,0.32913973502242827,0.4288629497060519,1.5355105778000615,0.40585437625581783,0.28229541869797675,0.6881497949537945,0.3630392310007048,1.4376922602409432,0.39595109035337833
confirmation,42004,lite,3,50676,5000,1.4584987931978346,0.6142,0.8672,0.04600034583517057,0.2182685918905295,0.13509070868477305,0.3533593005753025,0.4797770874096723,1.615714199010142,0.4167929177923698,0.3050015209672836,0.7217944387596535,0.31227185566425597,1.3665261404087792,0.39602447153696413
confirmation,42004,lite,4,63345,5000,1.1674363440706708,0.6934,0.9052,0.045312003483376606,0.24444790506543745,0.14366431066498836,0.38811221573042576,0.5315199469743348,1.7015165591049692,0.41017832829160206,0.32782279657209445,0.7380011248636966,0.22411819168537483,1.2512188943592937,0.3778190693298548
confirmation,42004,lite,5,76014,5000,1.0017248781915056,0.7366,0.9226,0.05661945069479537,0.2699250360088928,0.14726535353023412,0.41719038953912685,0.6059051047688528,1.8329104343136757,0.4319421706622004,0.33843726007617114,0.7703794307383716,0.2439523471657854,1.2762835105138066,0.4249287259673191
confirmation,42004,tuned_fixed,1,25338,5000,2.3836793951855877,0.3778,0.697,0.03559123536646006,0.177670319658463,0.12249709540187434,0.3001674150603373,0.371839842477943,1.4504006701131487,0.38759907212661815,0.24168286693179636,0.6292819390584145,0.47234352893704745,1.6037482230288858,0.4220916857074952
confirmation,42004,tuned_fixed,2,38007,5000,1.8476290289820343,0.501,0.8054,0.04265008191275018,0.18791435774763035,0.14121360780620967,0.32912796555384,0.28571086227543985,1.3307076418433186,0.3916543882263034,0.28690917513328607,0.6785635633595895,0.3112131533356649,1.3650801615674915,0.2984620078055524
confirmation,42004,tuned_fixed,3,50676,5000,1.4551439833657753,0.6094,0.8696,0.045114688097438814,0.2068453011642401,0.14963663755327006,0.35648193871751016,0.3237593891976078,1.3823146672614646,0.38461918295487235,0.31912321543974326,0.7037423983946156,0.1866758924741121,1.2052365954895576,0.25521764083585996
confirmation,42004,tuned_fixed,4,63345,5000,1.1639722764318827,0.6894,0.9078,0.05030577534043672,0.22881300118230835,0.1578481948834316,0.38666119606573995,0.37126933713774135,1.4495734447760902,0.37974561433621423,0.3404827724650257,0.7202283868012399,0.10913675943405043,1.1153148697423505,0.2402030482858959
confirmation,42004,tuned_fixed,5,76014,5000,0.9709900342321686,0.7468,0.9246,0.04250986910059296,0.25285110636421537,0.1624084513579959,0.4152595577222113,0.44268413392922246,1.556880490944203,0.3968731299066457,0.3535612515504966,0.7504343814571421,0.11555960688342681,1.1225014213655757,0.27912187040632463
confirmation,42004,tuned_schedule,1,25338,5000,2.3860115258985024,0.378,0.695,0.03690962301696668,0.17843062502240561,0.12148153788583092,0.2999121629082365,0.3844349433928862,1.4687841407305418,0.39313436253519457,0.23877250292588953,0.6319068654610842,0.4986385704071121,1.646478180023249,0.44153675689999916
confirmation,42004,tuned_schedule,2,38007,5000,1.8511435992154173,0.5092,0.8074,0.03575211891005418,0.19051758112928707,0.13781301202628266,0.32833059315556967,0.32384469134631555,1.3824325867020915,0.4436337597280738,0.2693252130705803,0.7129589727986541,0.49907827779084035,1.6472023078266567,0.41146148456857795
confirmation,42004,tuned_schedule,3,50676,5000,1.4630316533864591,0.6116,0.8704,0.04691674999243963,0.21133361760080044,0.1429433882201476,0.35427700582094807,0.3909870816702554,1.4784394143219217,0.5090999146993607,0.26472027331665876,0.7738201880160194,0.6539687839528495,1.9231583027721983,0.5224779328115525
confirmation,42004,tuned_schedule,4,63345,5000,1.197158405236042,0.686,0.9026,0.05737735934290097,0.2412021243662535,0.1431371445394674,0.3843392689057209,0.5218292085261571,1.6851072447690325,0.5755942697241019,0.24398355268286037,0.8195778224069622,0.8582998423756398,2.3591463615005197,0.6900645254508985
confirmation,42004,tuned_schedule,5,76014,5000,1.028376564141275,0.734,0.9214,0.05800418652635719,0.2817329569805693,0.12957293341520662,0.411305890395776,0.7767115780465033,2.1743104462051117,0.6323929873217908,0.2135346458095718,0.8459276331313628,1.0857088195483697,2.9615382711594265,0.9312101987974365
confirmation,42005,entropy,1,25338,5000,2.3924334118632062,0.3838,0.6978,0.03798963281708511,0.21892840265569663,0.07186092341529715,0.2907893260709937,1.1140027680700493,3.0465285682722683,0.4975328405412907,0.18248033332390473,0.6800131738651956,1.0030156908392542,2.7264916990614436,1.0585092294546516
confirmation,42005,entropy,2,38007,5000,1.9131620674399095,0.4962,0.801,0.06735262306579934,0.24186627890605888,0.07645190298691124,0.3183181818929701,1.1517142374251192,3.1636114451725477,0.5961468894706838,0.18134105083620086,0.7774879403068846,1.1901037414836741,3.287422231753411,1.1709089894543967
confirmation,42005,entropy,3,50676,5000,1.5506590538939495,0.598,0.8538,0.0709943259896922,0.28344074217058624,0.08337903721752489,0.3668197793881111,1.2235976882488167,3.399395726235203,0.6591533889340287,0.17160996694788982,0.8307633558819185,1.3457276896927184,3.840980565852665,1.2846626889707675
confirmation,42005,entropy,4,63345,5000,1.325777753783443,0.6634,0.884,0.08679528574869652,0.3205607181248258,0.08949954572832569,0.4100602638531514,1.2758301032886135,3.581673335242831,0.6931274935919879,0.1643304036443448,0.8574578972363327,1.4393302556647602,4.217869976283383,1.3575801794766869
confirmation,42005,entropy,5,76014,5000,1.161754952012166,0.7028,0.9056,0.09186674449940489,0.35186331801220233,0.09258764565383044,0.44445096366603276,1.3350791240918358,3.8002966295429927,0.7072132753705551,0.1611313243312929,0.8683445997018482,1.4791077792071423,4.3890279514400925,1.407093451649489
confirmation,42005,lite,1,25338,5000,2.383853404716142,0.3802,0.6978,0.03155152020939294,0.1981306049342326,0.10856763718854184,0.3066982421227744,0.6015489074943385,1.824943280720697,0.4048318380994118,0.22866841594257545,0.6335002540419873,0.5711968744121597,1.77038471205557,0.5863728909532491
confirmation,42005,lite,2,38007,5000,1.888273892039616,0.5012,0.7976,0.044740728178290216,0.21171008529964425,0.12353961512681506,0.33524970042645935,0.5386525705915162,1.7136962211360347,0.41018012931834313,0.26953370836946017,0.6797138376878032,0.4199016708986195,1.5218119098639211,0.47927712074506784
confirmation,42005,lite,3,50676,5000,1.462658850455053,0.607,0.8632,0.050532421348723024,0.2362223263010446,0.1331768173392566,0.36939914364030113,0.573092447708331,1.7737437887218879,0.4142256635491257,0.303588528284799,0.7178141918339246,0.31073676738819456,1.3644300114348393,0.4419146075482628
confirmation,42005,lite,4,63345,5000,1.214327642805014,0.6758,0.8998,0.06132335064815355,0.26251537515487855,0.13944698849608844,0.40196236365096705,0.6326217722119314,1.8825397052051573,0.42836978859892105,0.32239836269493755,0.7507681512938585,0.2841981151601607,1.328696139527597,0.45840994368604604
confirmation,42005,lite,5,76014,5000,1.0276214684973444,0.7284,0.9192,0.06147598693142029,0.28577178295139016,0.14325600102940345,0.4290277839807936,0.6905568026539726,1.9948259484556388,0.44806117678919233,0.33046206026584246,0.7785232370550348,0.30443712645669774,1.3558616095509943,0.49749696455533515
confirmation,42005,tuned_fixed,1,25338,5000,2.390200114604854,0.3808,0.6972,0.028400107188899716,0.1908229895259519,0.11841367769767702,0.30923666722362886,0.4771588005709466,1.6114893291618977,0.39222243688087094,0.2330662541069397,0.6252886909878107,0.5205046132979777,1.6828766374057187,0.49883170693446216
confirmation,42005,tuned_fixed,2,38007,5000,1.8860023302566722,0.4988,0.8016,0.04957314683285167,0.20002941532968657,0.13478403280908552,0.3348134481387721,0.39478827189390353,1.484069938336677,0.39680051743166095,0.27429732980885024,0.671097847240511,0.3692198905723538,1.4466056636516136,0.3820040812331287
confirmation,42005,tuned_fixed,3,50676,5000,1.4596599184539203,0.6068,0.8714,0.044053900121632746,0.2222608420991117,0.14612647679446378,0.3683873188935755,0.4193767862778073,1.5210133437925233,0.39049800213346303,0.315212520209317,0.7057105223427801,0.21417516279153515,1.2388396343981465,0.3167759745346712
confirmation,42005,tuned_fixed,4,63345,5000,1.1906923110200769,0.681,0.9022,0.0514141998918582,0.24864187487043263,0.15433061925458486,0.40297249412501757,0.47691397047885675,1.6110948363748603,0.3921334574720014,0.3403684109660319,0.7325018684380332,0.14157325409877652,1.152084896110525,0.30924361228881664
confirmation,42005,tuned_fixed,5,76014,5000,1.0188404310379253,0.7352,0.9194,0.05354438347554816,0.26836468653388046,0.15732268014673584,0.42568736668061624,0.5340452123804884,1.7058187698353846,0.4073954907304839,0.3528213147999231,0.760216805530407,0.1438223172383729,1.1546789237565895,0.33893376480943066
confirmation,42005,tuned_schedule,1,25338,5000,2.3882261168949412,0.3812,0.6958,0.027948884328425388,0.1924495629405894,0.11765050638948676,0.31010006933007617,0.4921123857700094,1.6357679459154515,0.3996590914576506,0.23038093337482068,0.6300400248324713,0.550875902916357,1.7347718443156832,0.5214941443431832
confirmation,42005,tuned_schedule,2,38007,5000,1.893540290571231,0.4976,0.7994,0.04846442581353745,0.20233116772436555,0.12998249737849693,0.3323136651028625,0.44250324238442307,1.5565988898975203,0.44488233041507275,0.25760042627397944,0.7024827566890521,0.5463985379560848,1.7270220000331218,0.49445089017025395
confirmation,42005,tuned_schedule,3,50676,5000,1.481346178426264,0.604,0.8612,0.05231565741078267,0.22699516660391014,0.13794346361005308,0.3649386302139632,0.4980819635822209,1.645561994032555,0.5163709196572128,0.2574774959197117,0.7738484155769246,0.6958910747526915,2.0054953242317786,0.5969865191674562
confirmation,42005,tuned_schedule,4,63345,5000,1.2190799639014338,0.6758,0.8986,0.06109139557042905,0.25772108494274987,0.1382815866056901,0.39600267154843993,0.6225824937463138,1.8637349160790504,0.5866127665599401,0.23461347795532744,0.8212262445152676,0.9164229769822549,2.5003306346321743,0.7695027353642844
confirmation,42005,tuned_schedule,5,76014,5000,1.0680685264469276,0.7262,0.9194,0.06685078498582157,0.29757454465453465,0.12627703064518586,0.4238515752997205,0.8571820559384411,2.3565108129588896,0.6419346076696699,0.20418696331432756,0.8461215709839975,1.1454470406578254,3.1438464699384476,1.0013145482981334
confirmation,42006,entropy,1,25338,5000,2.3668314322665553,0.3914,0.7034,0.03511676123208628,0.21261238841901045,0.07274266041548955,0.28535504883449997,1.072533678415246,2.9227754996741675,0.49896717592754025,0.186574434413488,0.6855416103410283,0.9837066866482052,2.674350873125817,1.0281201825317257
confirmation,42006,entropy,2,38007,5000,1.8809810749006586,0.509,0.7998,0.05459671049958646,0.23165855237918326,0.07728991050038034,0.30894846287956357,1.0976924859082975,2.9972418603872346,0.6030383764581018,0.18446527476426133,0.787503651222363,1.184515841354367,3.2691036734425083,1.1411041636313324
confirmation,42006,entropy,3,50676,5000,1.5244745685785568,0.605,0.8622,0.07549695998887405,0.2656432761335089,0.08311754972467812,0.348760825858187,1.1618902073508037,3.19596861366601,0.6674004128789799,0.17240199621901647,0.8398024090979964,1.35355694576559,3.8711706148722027,1.2577235765581969
confirmation,42006,entropy,4,63345,5000,1.3065261258205856,0.6692,0.89,0.08067727729245686,0.3054434775839076,0.08903122752109764,0.39447470510500526,1.232769608159043,3.430718135312604,0.6979310379836388,0.16417885657335363,0.8621098945569925,1.4471592179104622,4.251021121289694,1.3399644130347526
confirmation,42006,entropy,5,76014,5000,1.1529486908556859,0.715,0.9078,0.07695607342186338,0.33655728299979004,0.09281766268597527,0.4293749456857653,1.2881236115494212,3.625976428236596,0.7105731500508006,0.16002065084230715,0.8705938008931076,1.490764181444132,4.44048756096782,1.3894438964967766
confirmation,42006,lite,1,25338,5000,2.3632995525370095,0.3914,0.7098,0.03230411157066669,0.19167705835309762,0.11058011059740883,0.30225716895050647,0.5500679010053768,1.7333707114855932,0.3973396590724356,0.23266379999212533,0.6300034590645609,0.5351952049444652,1.707781577126767,0.542631552974921
confirmation,42006,lite,2,38007,5000,1.858729270249735,0.5064,0.8054,0.040822315060197935,0.20454955452947693,0.12539653632460512,0.3299460908540821,0.4893261738729122,1.6312166931252592,0.40698095329236716,0.2707912435953463,0.6777721968877135,0.4074169455844092,1.5029306153263888,0.4483715597286607
confirmation,42006,lite,3,50676,5000,1.4599698418558564,0.6188,0.8658,0.04473718760332039,0.2263435147768617,0.1332187423985023,0.35956225717536405,0.5300582768907227,1.699031319996055,0.4033595803382477,0.29829589025600733,0.701655470594255,0.30174163561991874,1.3522118182059208,0.4158999562553207
confirmation,42006,lite,4,63345,5000,1.186579974548808,0.692,0.8992,0.04955941886908588,0.25090705741804276,0.1404245091603346,0.3913315665783774,0.5804094026538766,1.7867697893234034,0.4198666630283018,0.32162162263809585,0.7414882856663976,0.2665606947441823,1.3054668219056085,0.4234850486990295
confirmation,42006,lite,5,76014,5000,1.014809426402325,0.7362,0.9202,0.05369545489653117,0.2752560202290403,0.14461656515716098,0.4198725853862012,0.6436125037336609,1.9033443131884342,0.44027771911249935,0.3372519958016674,0.7775297149141669,0.26657460081653006,1.305484975947907,0.45509355227509546
confirmation,42006,tuned_fixed,1,25338,5000,2.3648142139555794,0.3868,0.7114,0.02517157323144145,0.18547947679278556,0.12045394371399502,0.30593342050678063,0.43167385818727055,1.5398328293871062,0.38669044871718994,0.23654643578768889,0.6232368845048788,0.49147832291368776,1.6347310949684593,0.46157609055047916
confirmation,42006,tuned_fixed,2,38007,5000,1.8645585556907962,0.5062,0.8002,0.03565998249352932,0.1935512917692548,0.13822952316064863,0.33178081492990347,0.33662496848225576,1.4002138409352063,0.385502180881153,0.2743495786070181,0.6598517594881711,0.3401426717691056,1.4051480512215384,0.3383838201256807
confirmation,42006,tuned_fixed,3,50676,5000,1.461199113282359,0.6126,0.8648,0.050383242061403044,0.20850374227843244,0.14464868169796602,0.35315242397639846,0.3656469547991468,1.441446257128987,0.3530356368948687,0.3027625718449338,0.6557982087398025,0.15361962880223579,1.1660472716172183,0.2596332918006913
confirmation,42006,tuned_fixed,4,63345,5000,1.1899978974067393,0.6868,0.9026,0.04778386630782215,0.23292866494103653,0.15104772767271052,0.383976392613747,0.43313405621096135,1.542082932639751,0.3676067091656254,0.3389135264299248,0.7065202355955502,0.08126842071227691,1.084662003242972,0.25720123846161913
confirmation,42006,tuned_fixed,5,76014,5000,1.0007503743630226,0.7358,0.9244,0.04731832251023304,0.25530382376237687,0.15635467335714526,0.41165849711952207,0.4903248490472938,1.6328465624602786,0.38392253229133594,0.351507767381597,0.7354302996729329,0.08820874439600979,1.0922160922221025,0.2892667967216518
confirmation,42006,tuned_schedule,1,25338,5000,2.364278286345817,0.3888,0.7118,0.026417722830117358,0.18623524511986164,0.11945372445657496,0.30568896957643654,0.4440785780870744,1.559052988210304,0.3932180664761444,0.23416128197065225,0.6273793484467965,0.5183524899427503,1.6792587737312314,0.48121553401491235
confirmation,42006,tuned_schedule,2,38007,5000,1.8610522065020287,0.5102,0.8008,0.04285261596687148,0.1954369720396084,0.1328272628004424,0.3282642348400508,0.3861860138207782,1.4713583383472322,0.4515690452483333,0.2561203356582257,0.707689380906559,0.5670792001942857,1.7631098326416625,0.47663260700753196
confirmation,42006,tuned_schedule,3,50676,5000,1.447113801305248,0.6176,0.8676,0.04849943348926297,0.21546905006799422,0.13702682222727783,0.352495872295272,0.4526379339218327,1.5724547509089806,0.5324022690351145,0.2509188220151036,0.7833210910502181,0.7522677727892343,2.121806339409358,0.6024528533555336
confirmation,42006,tuned_schedule,4,63345,5000,1.1960035083009979,0.6872,0.8994,0.05649090993192629,0.2460561248428077,0.13830923474003232,0.38436535958284,0.5760644839454911,1.7790232610428016,0.602929744240239,0.22672794098199409,0.8296576852222333,0.9780471267304846,2.6592579739880735,0.7770558053379879
confirmation,42006,tuned_schedule,5,76014,5000,1.0484567973900287,0.7292,0.9174,0.059920443020249736,0.2822472929722403,0.12559247210648597,0.4078397650787263,0.809736876074248,2.2473165861115194,0.6534836052502876,0.19835379816743035,0.851837403417718,1.192261638328143,3.294523809293912,1.0009992572011956
confirmation,42007,entropy,1,25338,5000,2.3469800355195525,0.391,0.7004,0.026717774650216467,0.21035121006161817,0.07285292527190487,0.283204135333523,1.060326903820085,2.8873147092149565,0.5106527112168575,0.18814856992109708,0.6988012811379545,0.9984544604239329,2.714083861212155,1.029390682122009
confirmation,42007,entropy,2,38007,5000,1.829759403406387,0.5112,0.8098,0.058672889661611764,0.2252850537064516,0.07804900267476805,0.30333405638121963,1.060021263298657,2.8864323636888467,0.6051986878678685,0.18705147265526578,0.7922501605231341,1.1741692862360222,3.2354540909129823,1.1170952747673395
confirmation,42007,entropy,3,50676,5000,1.4661088959024506,0.6218,0.8698,0.06513513661753534,0.25906517590101236,0.08247245910384518,0.34153763500485756,1.144607000723514,3.1412066223003117,0.662667150138256,0.1758263695930174,0.8384935197312733,1.326771678084742,3.7688566442876046,1.2356893394041282
confirmation,42007,entropy,4,63345,5000,1.2580781181297214,0.6834,0.891,0.07289406870874149,0.2953224210000171,0.08844495869853064,0.38376737969854774,1.2056793688434668,3.339026738424888,0.6938029783414115,0.16842257654557946,0.8622255548869908,1.4157073734036467,4.119399389156491,1.3106933711235569
confirmation,42007,entropy,5,76014,5000,1.1052735457723266,0.7256,0.912,0.07718826429921016,0.3263628713076987,0.09151626845145047,0.41787913975914914,1.2714852478477299,3.566145240456268,0.7090756648948031,0.16285699199702314,0.8719326568918262,1.4710850453722355,4.353956819679836,1.3712851466099827
confirmation,42007,lite,1,25338,5000,2.3401175029187797,0.389,0.704,0.02416838830687416,0.18782059230780557,0.11195206520092092,0.2997726575087265,0.5174128124214259,1.6776815531644822,0.4108480913413313,0.2341936832566746,0.6450417745980059,0.5620732235354472,1.754305800747174,0.5397430179784366
confirmation,42007,lite,2,38007,5000,1.8355386489570071,0.5084,0.8076,0.04152351664111449,0.1997125826688912,0.12442198652221584,0.32413456919110706,0.4731973111233252,1.6051180593807088,0.43031023435584137,0.2746700897072709,0.7049803240631123,0.44893440328277956,1.5666418872639385,0.4610658572030524
confirmation,42007,lite,3,50676,5000,1.4197143634415466,0.6286,0.8694,0.037604628419878834,0.22363641834594408,0.1315014619757093,0.3551378803216534,0.5310004986066676,1.7006329386232608,0.4191987874716745,0.30850105033844893,0.7276998378101235,0.3066191365440324,1.3588233433514694,0.41880981757535
confirmation,42007,lite,4,63345,5000,1.1635254932966521,0.6954,0.901,0.05083605734533165,0.24859282231425703,0.13689933603285848,0.3854921583471155,0.5965671419877743,1.815874449384771,0.42188289590688366,0.32932001695414703,0.7512029128610307,0.24769713753063993,1.2810718848400269,0.4221321397592071
confirmation,42007,lite,5,76014,5000,0.9913906468884514,0.7414,0.9202,0.0559272572010898,0.2716178567764542,0.1416280661815545,0.4132459229580087,0.6511883919207959,1.9178185954305849,0.4476866285352028,0.3373078682246631,0.784994496759866,0.283096697960303,1.3272334963841579,0.46714254494054946
confirmation,42007,tuned_fixed,1,25338,5000,2.3417543070555467,0.3892,0.7056,0.019636568738440937,0.18092203169798307,0.12357413939420851,0.30449617109219157,0.3812223143829152,1.4640730537299496,0.395692679417109,0.23978484814259443,0.6354775275597034,0.5008941494949686,1.6501961332672153,0.4410582319389419
confirmation,42007,tuned_fixed,2,38007,5000,1.8254054161080793,0.5108,0.8138,0.038805064281365036,0.1901344244097431,0.13934338372139765,0.32947780813114075,0.3107881286018561,1.3645000920158794,0.4198984587091702,0.28114673909235727,0.7010451978015274,0.40113500553080317,1.4935188882000325,0.35596156706632964
confirmation,42007,tuned_fixed,3,50676,5000,1.4398682815052521,0.618,0.8736,0.04885814869398227,0.20879877922075896,0.1438792901263367,0.3526780693470957,0.37239416336409104,1.4512048803725548,0.407749746117712,0.3153774477317572,0.7231271938494692,0.25688273227339287,1.2928935031873876,0.31463844781874195
confirmation,42007,tuned_fixed,4,63345,5000,1.1696467114039697,0.6898,0.9004,0.049917692143664254,0.23080039638623556,0.1488642247971058,0.3796646211833413,0.4385162197690895,1.5504050506140958,0.39689887262983,0.3421021529391489,0.7390010255689787,0.14857173050992623,1.1601760148069376,0.29354397513950786
confirmation,42007,tuned_fixed,5,76014,5000,0.9863685931864997,0.7406,0.9232,0.05064298449975059,0.2540347626737538,0.15353864429568914,0.407573406969443,0.5035162523267644,1.654528795081273,0.41392030511482975,0.3545613841641887,0.7684816892790185,0.15479156310726616,1.167414603471172,0.3291539077170153
confirmation,42007,tuned_schedule,1,25338,5000,2.3410360707918354,0.3906,0.7056,0.020006702145354407,0.18112155573333333,0.122043372995593,0.3031649287289263,0.39478921394943556,1.4840713364136309,0.40312447885391545,0.2370663493815822,0.6401908282354976,0.5309036000329974,1.7004681577008187,0.4628464069912165
confirmation,42007,tuned_schedule,2,38007,5000,1.8287825336621928,0.5118,0.8082,0.043177994629586304,0.1917780891723226,0.1353193947973329,0.3270974839696555,0.34869887096079366,1.417222359272207,0.4598211197188796,0.2640690152904352,0.7238901350093148,0.5546254410155776,1.7412886473049514,0.45166215598818565
confirmation,42007,tuned_schedule,3,50676,5000,1.4309052899123318,0.6244,0.8726,0.047311524693081766,0.2160026414038645,0.13772531109527425,0.35372795249913874,0.45002680291908903,1.5683542213981227,0.5267071561914642,0.26010309245552027,0.7868102486469846,0.705564705336078,2.0249898846998544,0.5777957541275835
confirmation,42007,tuned_schedule,4,63345,5000,1.199379440678089,0.6862,0.902,0.06100663465708759,0.24497846510283416,0.1385063894399095,0.3834848545427436,0.5702507135642774,1.7687104355476777,0.5942641684569931,0.23834966498598234,0.8326138334429756,0.9135826596915996,2.4932389783428652,0.7419166866279385
confirmation,42007,tuned_schedule,5,76014,5000,1.0348580840135946,0.7334,0.9212,0.06448583492961449,0.28174671622604974,0.12559484375333785,0.40734155997938765,0.8079428848612373,2.2432885341284385,0.6482600991874874,0.20627534170224035,0.8545354408897277,1.1450768116385086,3.142682742179186,0.976509848249873
confirmation,42008,entropy,1,25338,5000,2.3548013936683367,0.3948,0.7054,0.03240984603132617,0.21683499024653993,0.07222876761026509,0.28906375785680505,1.0992890077600979,3.002030844354036,0.5044378409335661,0.18845639632407252,0.6928942372576385,0.9845746382088939,2.676673087779107,1.0419318229844958
confirmation,42008,entropy,2,38007,5000,1.8519480972586013,0.5114,0.805,0.057438610140264704,0.2399636025407395,0.07825972137072892,0.31822332391146846,1.1204455886937008,3.0662201719813313,0.5987185231904251,0.18739413122563775,0.7861126544160627,1.1615738578899637,3.1949577306227988,1.1410097232918321
confirmation,42008,entropy,3,50676,5000,1.4924774938686165,0.613,0.864,0.06995161129713638,0.27233831743588577,0.08403595904926,0.35637427648514575,1.1757920886409219,3.2407088561623034,0.6621394002690045,0.17439506930278614,0.8365344695717907,1.3341486456292304,3.7967621799972884,1.2549703671350763
confirmation,42008,entropy,4,63345,5000,1.2608576954415436,0.6778,0.8904,0.07968894062510823,0.3086868756883427,0.09049871759823619,0.3991855932865789,1.2269839251112848,3.4109263971267776,0.6913776696128325,0.1677068053462503,0.8590844749590829,1.416464464749479,4.122519331675763,1.321724194930382
confirmation,42008,entropy,5,76014,5000,1.108174896753943,0.7212,0.9116,0.07720420912472505,0.3387121788383117,0.09414861354699901,0.43286079238531067,1.2802685186870952,3.597605620220924,0.705243377577438,0.16358855283955992,0.8688319304169979,1.4611838134291582,4.311059999467721,1.3707261660581267
confirmation,42008,lite,1,25338,5000,2.3431694722508336,0.3906,0.7048,0.026619949776497426,0.19338522601625383,0.11037400325334853,0.3037592292696023,0.5608056718985508,1.7520835362728464,0.394351363108711,0.2365858549953195,0.6309372181040305,0.5109294401632088,1.6668397029772113,0.5358675560308799
confirmation,42008,lite,2,38007,5000,1.8384610989448333,0.5152,0.8062,0.04088201976227067,0.20776760869560412,0.1247857339972101,0.3325533426928142,0.5098188500801886,1.664989554901319,0.4056882686176568,0.27526940908614983,0.6809576777038067,0.38783359803492456,1.4737845232419822,0.44882622405755657
confirmation,42008,lite,3,50676,5000,1.4280230330065258,0.6178,0.8696,0.051224125004026025,0.23106964003148533,0.133740591940478,0.3648102319719634,0.5468139449726324,1.7277395661203425,0.3905240580828103,0.30568337105102855,0.6962074291338388,0.24493903397658012,1.277543424088303,0.39587648947460624
confirmation,42008,lite,4,63345,5000,1.1613895638574172,0.6962,0.9032,0.0534937539198949,0.25346646037354614,0.1395621351431208,0.3930285955166669,0.5967183727982821,1.8161490863157912,0.4119770507448628,0.33438602621131064,0.7463630769561735,0.20867098979632426,1.2320395782476312,0.4026946812973032
confirmation,42008,lite,5,76014,5000,1.0187684477876742,0.7316,0.9208,0.06576829893471935,0.27888675285499476,0.14290831694772493,0.42179506980271975,0.6685990994682014,1.9515015452562103,0.44331433544007903,0.34482916559157806,0.7881435010316572,0.25122931279460947,1.2856048561747588,0.45991420613140543
confirmation,42008,tuned_fixed,1,25338,5000,2.3476736621965983,0.386,0.7054,0.02826659666113324,0.18737226012339958,0.121878049426517,0.30925030954991656,0.4300735160176603,1.5373705407537674,0.3769949876207341,0.2418810220493612,0.6188760096700953,0.44378444938429085,1.558594493408857,0.4369289827009756
confirmation,42008,tuned_fixed,2,38007,5000,1.8406590481903757,0.5088,0.814,0.0397995186142181,0.1977317805373951,0.13825597243716908,0.3359877529745641,0.3578024532552515,1.4301830645630171,0.3673154712164439,0.280714314892733,0.6480297861091769,0.2688827543357877,1.3085017158996222,0.3133426037955196
confirmation,42008,tuned_fixed,3,50676,5000,1.4168440328889476,0.6218,0.8728,0.04247902263224281,0.21751193423705192,0.1482233392493368,0.36573527348638873,0.3835313846881834,1.467457607425463,0.3654884486851699,0.31773054851982907,0.6832189972049991,0.14003057139764308,1.150308964872465,0.2617809780429132
confirmation,42008,tuned_fixed,4,63345,5000,1.1642168443584997,0.6908,0.9052,0.05301579109869064,0.23792255458205752,0.15422663527506286,0.3921491898571204,0.43351976068052944,1.5426778356403128,0.3783466099150613,0.3462312090807361,0.7245778189957974,0.08870370152856366,1.0927568261762624,0.26111173110454655
confirmation,42008,tuned_fixed,5,76014,5000,1.0053163773258007,0.736,0.923,0.060683755243202325,0.26168224362924586,0.15911810763146875,0.42080035126071463,0.49748175217517154,1.6445746053033616,0.3966111050790253,0.3597110297492674,0.7563221348282927,0.09765494377322215,1.1025822665855203,0.29756834797419685
confirmation,42008,tuned_schedule,1,25338,5000,2.346743771934305,0.3882,0.707,0.02502961041194266,0.18827400390050097,0.1204209506581064,0.3086949545586074,0.44690185001089344,1.5634608380912067,0.3910951390536167,0.2386249737289954,0.6297201127826121,0.49405604707430195,1.638950416595386,0.4704789485425977
confirmation,42008,tuned_schedule,2,38007,5000,1.8357571105586405,0.5098,0.8126,0.0428933903760347,0.1988817898970538,0.13306875628892623,0.3319505461859801,0.4018421816025082,1.4945754425613567,0.45428125004274567,0.26220046685482606,0.7164817168975718,0.5496055352718148,1.7325694455182803,0.4757238584371615
confirmation,42008,tuned_schedule,3,50676,5000,1.4227744593616387,0.6186,0.8718,0.0526011119612723,0.22145285654774194,0.13976103997618156,0.3612138965239235,0.46027298319955756,1.5845064696070723,0.5263722878690759,0.25779759843337663,0.7841698863024524,0.7138319799468894,2.041800425090781,0.5870524815732234
confirmation,42008,tuned_schedule,4,63345,5000,1.1683147419417503,0.6934,0.9034,0.0571655976281958,0.2486283505858563,0.13874228865081545,0.38737063923667175,0.5833378542342234,1.792009927136717,0.5879211126035352,0.23808294929258522,0.8260040618961205,0.9039711379685644,2.4693899540494777,0.7436544961013939
confirmation,42008,tuned_schedule,5,76014,5000,1.0218088257854325,0.7344,0.9228,0.06488242495414286,0.2871691143250735,0.1279833759900338,0.4151524903151073,0.8081665791113599,2.2437904010051635,0.6413427996192756,0.20725294150685353,0.8485957411261292,1.1296208500353342,3.0944830045515324,0.968893714573347
confirmation,42009,entropy,1,25338,5000,2.4183863049592134,0.3848,0.6948,0.034661440040596625,0.2151972868489352,0.07106497311209635,0.2862622599610315,1.107951223151487,3.0281480351995014,0.5118609146475486,0.18121494880898378,0.6930758634565323,1.0383654832652964,2.824596389068891,1.0731583532083917
confirmation,42009,entropy,2,38007,5000,1.9293165036340385,0.5032,0.792,0.05355119170958142,0.23464320261396898,0.07602046402261485,0.31066366663658385,1.127054613647348,3.0865520104186244,0.6043323511272747,0.18022777878553536,0.7845601299128102,1.2098989144156533,3.353145680726194,1.1684767640315008
confirmation,42009,entropy,3,50676,5000,1.560467994595056,0.5992,0.855,0.0762965588384349,0.2656881736307563,0.08140848323673665,0.347096656867493,1.1828353374420342,3.263614545471799,0.6672844940055338,0.17055147961179384,0.8378359736173275,1.3641749336599727,3.9124936531230032,1.2735051355510034
confirmation,42009,entropy,4,63345,5000,1.3131333624296533,0.6694,0.888,0.08147952532745074,0.30110571052965884,0.08705039540985819,0.38815610593951705,1.240966025886728,3.458953289743128,0.6961543448922947,0.16406449137335946,0.8602188362656541,1.4453071463614977,4.243155212378406,1.343136586124113
confirmation,42009,entropy,5,76014,5000,1.1431556807290142,0.723,0.9084,0.06941504678233561,0.3321942867547666,0.09145147240463777,0.4236457591594044,1.2899035990430505,3.632436368531904,0.710746802888117,0.16041263618495005,0.871159439073067,1.4885619538271222,4.430719356480738,1.3892327764350862
confirmation,42009,lite,1,25338,5000,2.411352974579539,0.3802,0.6946,0.030780697234908963,0.1953694652645146,0.104380662346976,0.2997501276114906,0.6268435660507761,1.871693369042945,0.416069664795771,0.22285197758354974,0.6389216423793207,0.6243428524495964,1.8670186474837747,0.6255932092501862
confirmation,42009,lite,2,38007,5000,1.8897287104775786,0.4956,0.7956,0.04520311832410961,0.20840806434423526,0.11817000941788137,0.32657807376211667,0.5673699961704091,1.7636226124399956,0.422898420659021,0.2609924393505646,0.6838908600095857,0.4826391041343333,1.6203450236577994,0.5250045501523712
confirmation,42009,lite,3,50676,5000,1.498490355709171,0.6062,0.8636,0.054735610159456494,0.22844051469369372,0.12403676563905565,0.3524772803327494,0.61069414353133,1.841709365826923,0.4250866167725397,0.2971082002668805,0.7221948170394202,0.35819555589672314,1.4307453838208364,0.48444484971402657
confirmation,42009,lite,4,63345,5000,1.2132898883327414,0.6886,0.895,0.05748441021081395,0.25494032348666895,0.1290688036885539,0.3840091271752229,0.6806800428294821,1.975220510150025,0.44149038705993676,0.31878087569811175,0.7602712627580485,0.3256514178328054,1.3849325219418422,0.5031657303311438
confirmation,42009,lite,5,76014,5000,1.0185180026695557,0.7422,0.9186,0.04867891630402116,0.2775862388174482,0.13250798108512551,0.4100942199025738,0.7394848329945027,2.094856035751437,0.4692825912505546,0.32843321477257714,0.7977158060231317,0.3568706994558879,1.4288511066835958,0.5481777662251953
confirmation,42009,tuned_fixed,1,25338,5000,2.417671659164922,0.3796,0.693,0.02915905910561289,0.18953567255493792,0.11525700061833367,0.3047926731732716,0.49740942936754884,1.6444556693515038,0.4035418142121403,0.2272859356897804,0.6308277499019208,0.5740693360354815,1.7754773849515404,0.5357393827015151
confirmation,42009,tuned_fixed,2,38007,5000,1.9046498078250875,0.4936,0.7936,0.04386603953887946,0.2004108826077211,0.1310249263929566,0.3314358090006777,0.42497944688667966,1.52955898214122,0.3967743469892721,0.2675878476617546,0.6643621946510265,0.393918591936145,1.482779833525856,0.4094490194114123
confirmation,42009,tuned_fixed,3,50676,5000,1.509347577140604,0.5982,0.8618,0.05507082164570801,0.21750807960605267,0.13730757453583425,0.35481565414188687,0.460009833050101,1.5840895613499213,0.4040162307472454,0.305829748656481,0.7098459794037264,0.2784256874506772,1.3210484312715418,0.3692177602503891
confirmation,42009,tuned_fixed,4,63345,5000,1.2208826622474378,0.6848,0.9004,0.05349165698201,0.2404986726506551,0.14048984921895669,0.38098852186961185,0.5375763718863971,1.7118529355305798,0.4259424987413423,0.3291649337207044,0.7551074324620468,0.2577447239769737,1.2940084471279256,0.39766054793168537
confirmation,42009,tuned_fixed,5,76014,5000,1.018352181034868,0.7376,0.9206,0.056001205631780085,0.26213313432310004,0.14481721134289527,0.4069503456659953,0.5933770948319739,1.8100909539783527,0.44000889559945444,0.3482510281104074,0.788259923709862,0.2338707802954506,1.2634812149893835,0.41362393756371224
confirmation,42009,tuned_schedule,1,25338,5000,2.415514756550273,0.3808,0.6934,0.028977122386571578,0.19040098184611962,0.11435244797479915,0.30475342982091874,0.5098434583260281,1.6650305278777406,0.40853251241537536,0.22515015399788352,0.6336826664132588,0.5958019764747307,1.8144855363220376,0.5528227174003794
confirmation,42009,tuned_schedule,2,38007,5000,1.9014386392439755,0.4942,0.7972,0.04664708934846762,0.202368184380749,0.12752578554989047,0.3298939699306394,0.4617672494602516,1.5868759140139936,0.4646161460403436,0.25265425439158434,0.7172704004319279,0.6091877959680138,1.8389371998582884,0.5354775227141326
confirmation,42009,tuned_schedule,3,50676,5000,1.5062023731249377,0.601,0.8636,0.05574252186805514,0.2221195966762266,0.12998620608658384,0.35210580276281045,0.5357844317545559,1.70878814433686,0.5377049283974387,0.247590270708153,0.7852951991055916,0.7755325246613862,2.1717483288466046,0.6556584782079711
confirmation,42009,tuned_schedule,4,63345,5000,1.2187464082068244,0.6866,0.8982,0.06178408445057815,0.25199296321806236,0.12888557921726163,0.38087854243532393,0.6704723450030519,1.9551606129081986,0.6002217460417999,0.22587989474005762,0.8261016407818575,0.9772929837985153,2.657253269394619,0.8238826644007835
confirmation,42009,tuned_schedule,5,76014,5000,1.0601563947277923,0.7314,0.9176,0.06435250862762566,0.28381334979460565,0.11817296359549964,0.40198631339010527,0.8761625199429179,2.40166565594838,0.651533304956319,0.19989315527279114,0.8514264602291102,1.1815420476984637,3.2593964744351056,1.0288522838206908
confirmation,42010,entropy,1,25338,5000,2.387949688081505,0.389,0.699,0.03865760892699192,0.2136897411075137,0.07355127697172167,0.2872410180792354,1.0665334300801401,2.9052906300870935,0.5097881837910196,0.18299578313153764,0.6927839669225572,1.024528700973084,2.785782214677427,1.0455310655266121
confirmation,42010,entropy,2,38007,5000,1.8716971285280193,0.5134,0.8026,0.062412661782839725,0.23288551938128105,0.07816307667959549,0.31104859606087654,1.0917411291341972,2.979457178723067,0.6080729635174611,0.18084249565103006,0.788915459168491,1.2126645327734247,3.362432037317222,1.152202830953811
confirmation,42010,entropy,3,50676,5000,1.5483918234152974,0.5958,0.8568,0.08416962660783535,0.26880750996097813,0.08508904730397282,0.35389655726495095,1.1502891914388675,3.159106364116776,0.6685129986415695,0.1710179979589817,0.8395309966005512,1.3632826871921355,3.9090043013929376,1.2567859393155016
confirmation,42010,entropy,4,63345,5000,1.3089058028277352,0.6614,0.8884,0.08670671719929254,0.30202994066975664,0.0902420927823744,0.3922720334521311,1.2080224046590546,3.3468593701472416,0.7005630332983374,0.16261187750262934,0.8631749108009668,1.4605133810354607,4.308170693843172,1.3342678928472576
confirmation,42010,entropy,5,76014,5000,1.147676339320982,0.7122,0.91,0.08507690417931767,0.32864045266320085,0.09400234857825822,0.4226428012414591,1.2516369421483406,3.4960611258396317,0.7140794846277665,0.1586230369906368,0.8727025216184033,1.5044588245199506,4.501716752234196,1.3780478833341456
confirmation,42010,lite,1,25338,5000,2.3792381540509586,0.385,0.6962,0.030485878230829266,0.18913238509636845,0.11528211280083975,0.3044144978972082,0.4950615539761314,1.6405992213543936,0.4102816352109222,0.22903201290826586,0.6393136481191882,0.5829801220404027,1.7913689821442984,0.5390208380082671
confirmation,42010,lite,2,38007,5000,1.8495841585188264,0.5074,0.8018,0.047838275216188136,0.19953010801357846,0.12672430490790412,0.3262544129214826,0.45394836365161084,1.5745166930833974,0.43034827125116787,0.26834879494329406,0.698697066194462,0.4723058032241354,1.6036877216250771,0.4631270834378731
confirmation,42010,lite,3,50676,5000,1.452781630695453,0.6156,0.868,0.046166673754683564,0.21929166181457693,0.1360501347264304,0.3553417965410073,0.47737638730134413,1.611840006006031,0.3955676143118449,0.3045649868997514,0.7001326012115964,0.26143649025567317,1.2987944528488902,0.36940643877850865
confirmation,42010,lite,4,63345,5000,1.201915757086437,0.683,0.8968,0.055322537546210235,0.24086021608927366,0.14135926949614241,0.3822194855854161,0.5329091663039256,1.703881981463303,0.41363693880963526,0.33157049402580124,0.7452074328354364,0.221147592624924,1.247507539889566,0.3770283794644248
confirmation,42010,lite,5,76014,5000,1.034032817436594,0.7316,0.9198,0.05603752422059048,0.2650122394438328,0.1442925378993427,0.40930477734317555,0.6079301025289354,1.8366258344064068,0.44267192053104276,0.3433954791292939,0.7860673996603366,0.2539454735356834,1.2891015122038272,0.4309377880323094
confirmation,42010,tuned_fixed,1,25338,5000,2.387165713219145,0.3848,0.6948,0.028156643687162225,0.18252427342119243,0.12628366291239948,0.3088079363335918,0.3683500597407663,1.4453479085406093,0.3943030421775986,0.23422244198545697,0.6285254841630555,0.5208467523300404,1.6834525136987828,0.44459840603540335
confirmation,42010,tuned_fixed,2,38007,5000,1.856917737834769,0.507,0.799,0.03935810001378647,0.1918223749884055,0.14205977954076096,0.3338821545291665,0.3003200357448792,1.3502908797805546,0.36910527451429354,0.2726447453751125,0.641750019889406,0.3029112928506035,1.3537943678764117,0.30161566429774134
confirmation,42010,tuned_fixed,3,50676,5000,1.464091539176504,0.6108,0.866,0.04830266046313897,0.20776724810424846,0.1508143705077035,0.3585816186119519,0.32036688989831674,1.3776331112990627,0.36084391705594376,0.31063956737786685,0.6714834844338106,0.1498117614865817,1.161615561360367,0.23508932569244922
confirmation,42010,tuned_fixed,4,63345,5000,1.2008730778254149,0.6768,0.9042,0.05982341684896806,0.22763445483550931,0.15782768288641935,0.38546213772192867,0.36623530784247493,1.4422945859551146,0.3733339283372016,0.3363018728099877,0.7096358011471893,0.10446378683137614,1.1101151923496566,0.23534954733692554
confirmation,42010,tuned_fixed,5,76014,5000,1.0309457747293218,0.7316,0.9214,0.05320604668874322,0.2494773287281011,0.16144017737178598,0.41091750609988703,0.4352312030979901,1.5453203004929323,0.3912392666849869,0.3502176252083367,0.7414568918933238,0.11076426113511995,1.1171315244934428,0.27299773211655504
confirmation,42010,tuned_schedule,1,25338,5000,2.3882274638285255,0.3834,0.6926,0.0357688828218577,0.18372143254299553,0.12534846575552483,0.30906989829852033,0.3823205372877976,1.4656818155198068,0.4044026277920345,0.23117508106320317,0.6355777088552377,0.5592337820700122,1.749331617406695,0.4707771596789049
confirmation,42010,tuned_schedule,2,38007,5000,1.852869969803027,0.507,0.8044,0.04621022027471717,0.19372529721069387,0.13783626900954044,0.33156156622023425,0.3403725445064667,1.4054710935783632,0.46028317294107,0.2568427421251267,0.7171259150661968,0.5833761733180897,1.792078596631072,0.4618743589122782
confirmation,42010,tuned_schedule,3,50676,5000,1.459841433141639,0.6134,0.8668,0.05301340728734161,0.21176636952476843,0.14272815008896583,0.35449451961373424,0.39453957967323916,1.4837009075775323,0.5401991801974649,0.2491135889459878,0.7893127691434529,0.7740267877569484,2.168480707946773,0.5842831837150938
confirmation,42010,tuned_schedule,4,63345,5000,1.2120440872252984,0.6794,0.9008,0.062293195287450184,0.23944298600165598,0.1413027395324964,0.3807457255341523,0.5274077560511234,1.6945339648749334,0.6099446657528063,0.22281259655262745,0.8327572623054338,1.007034348652958,2.737470581642625,0.7672210523520407
confirmation,42010,tuned_schedule,5,76014,5000,1.049263171529473,0.7334,0.92,0.05962458224479833,0.27474647032606536,0.12801004506443925,0.40275651539050455,0.7637358362940505,2.146279410403694,0.6562076314999764,0.19728084690271896,0.8534884784026954,1.2018453729977945,3.3262494334998665,0.9827906046459225
transfer,43001,entropy,1,25338,5000,2.035130234304175,0.4724,0.7612,0.045242116358094144,0.2814988194923751,0.09290593002452512,0.3744047495169003,1.1085335667028875,3.0299119712390254,0.5093637579212053,0.1849754042141439,0.6943391621353492,1.0129361044890364,2.753674232587648,1.0607348355959618
transfer,43001,entropy,2,38007,5000,1.693328509328081,0.5652,0.834,0.08017274055038318,0.30369327731702095,0.09864256980948873,0.40233584712650966,1.1245084801798628,3.0787032333029782,0.5831800257569016,0.18573403435310779,0.7689140601100093,1.144176533861268,3.1398547279356817,1.1343425070205653
transfer,43001,entropy,3,50676,5000,1.4783863184874972,0.6322,0.8686,0.09665311382692708,0.3181547396322425,0.09989148145420716,0.4180462210864496,1.1584465880606951,3.184981842483228,0.6026594289419985,0.18534090102609152,0.7880003299680901,1.1791516689515742,3.2516145869096222,1.1687991285061345
transfer,43001,entropy,4,63345,5000,1.3121775563564995,0.6748,0.8934,0.10374001246172873,0.33124860009164586,0.10059296243049828,0.4318415625221441,1.1917799297659784,3.2929371911411747,0.6056549133977578,0.18777827056421098,0.7934331839619688,1.1710448448368311,3.225360880239729,1.1814123873014046
transfer,43001,entropy,5,76014,5000,1.1805524744490459,0.7166,0.9078,0.09260799342351451,0.3354010257222835,0.10080082148128602,0.4362018472035694,1.2021734633665957,3.327340922947025,0.6053206242862225,0.19034992956886382,0.7956705538550862,1.1568905608781304,3.180029777933044,1.1795320121223631
transfer,43001,lite,1,25338,5000,2.0041127951643998,0.4778,0.7714,0.03234743223110241,0.2511011502217753,0.12517690598944614,0.37627805621122146,0.6961238559753327,2.0059622202255563,0.41744082827347806,0.23308654603730425,0.6505273743107822,0.5827310840453835,1.7909229187503177,0.6394274700103582
transfer,43001,lite,2,38007,5000,1.6122071609466744,0.5796,0.8428,0.06445592321076517,0.2617414506498794,0.13899537077218604,0.40073682142206546,0.6329131842632278,1.883088379903625,0.4431875059390996,0.2745298888318515,0.7177173947709511,0.4789314186044258,1.614348417494652,0.5559223014338268
transfer,43001,lite,3,50676,5000,1.3800674124031818,0.6494,0.883,0.0830823686916086,0.2742800351097745,0.143151010295178,0.41743104540495257,0.6502461816023399,1.916012457975335,0.45355422930405653,0.2972314971779129,0.7507857264819695,0.4226023953727548,1.525927459515217,0.5364242884875474
transfer,43001,lite,4,63345,5000,1.1961749996590842,0.6974,0.9036,0.08006164292148693,0.2830901843680718,0.14284941826513006,0.4259396026332019,0.6839709953187494,1.9817315749307443,0.4656391209823033,0.30525704312834623,0.7708961641106494,0.42225560124091344,1.5253983685747607,0.5531132982798315
transfer,43001,lite,5,76014,5000,1.0904160088350674,0.7302,0.9174,0.08156947567556083,0.2911982653148347,0.1399975847462849,0.4311958500611197,0.7323754797589492,2.0800157790349534,0.48059474921520007,0.3031601589969335,0.7837549082121334,0.4607619365273852,1.5852814087574503,0.5965687081431672
transfer,43001,tuned_fixed,1,25338,5000,1.9996165167978353,0.476,0.771,0.03219211355851144,0.24125966000365087,0.1333759971901651,0.3746356571938159,0.5926982420299387,1.8088625856501204,0.4028011001698464,0.2403652402835967,0.6431663404534431,0.5162816133909311,1.6757848344035307,0.5544899277104349
transfer,43001,tuned_fixed,2,38007,5000,1.6200597004907156,0.5766,0.8422,0.06833149258740939,0.2475500411189801,0.14621367069048782,0.3937637118094679,0.5265408984888416,1.693065681781034,0.4199109614069907,0.2841879188686583,0.704098880275649,0.3904058493144139,1.4775803471811604,0.45847337390162773
transfer,43001,tuned_fixed,3,50676,5000,1.3810744397733017,0.6452,0.8774,0.08539083286022797,0.25891516958572913,0.15174393889987145,0.4106591084856006,0.5343032619365624,1.706259012411441,0.42568337157744324,0.3096046176630263,0.7352879892404696,0.3183988734111699,1.3749245727212762,0.42635106767386616
transfer,43001,tuned_fixed,4,63345,5000,1.1826687584943432,0.699,0.9044,0.07993709729118187,0.2704978618987849,0.15337241075501037,0.42387027265379523,0.5673923497276094,1.7636620361195707,0.435967012365905,0.3211780633667135,0.7571450757326186,0.3055700771207087,1.3573986043670865,0.4364812134241591
transfer,43001,tuned_fixed,5,76014,5000,1.0841871781626022,0.7306,0.9178,0.07986243342193354,0.2778668488252286,0.15208282788731592,0.4299496767125446,0.6027137686462469,1.8270703248678766,0.4517502409440838,0.3220185342771432,0.7737687752212269,0.33851946727811955,1.4028690587301083,0.47061661796218324
transfer,43001,tuned_schedule,1,25338,5000,2.003479176722766,0.4784,0.7674,0.030897580021526344,0.2423927888442537,0.13213649032789304,0.37452927917214673,0.6067206563895702,1.8344058771115208,0.408032145329844,0.23669462999355123,0.6447267753233953,0.5445733555241875,1.723872744676194,0.5756470059568788
transfer,43001,tuned_schedule,2,38007,5000,1.627808853890654,0.58,0.8428,0.06553287254656838,0.2501621162902043,0.14266469856173095,0.39282681485193527,0.5616090491518086,1.753491685893646,0.4535702555702187,0.2680196127334005,0.7215898683036193,0.5260884901138959,1.6922998979238395,0.5438487696328522
transfer,43001,tuned_schedule,3,50676,5000,1.3852512630611822,0.6494,0.8758,0.08272073297851769,0.2667292370855871,0.14504647648531707,0.4117757135709042,0.609176686794918,1.8389167709000978,0.4835459209396108,0.27714500184975355,0.7606909227893643,0.5566039047091372,1.7447371339015434,0.5828902957520277
transfer,43001,tuned_schedule,4,63345,5000,1.2205160639094437,0.6992,0.9012,0.08252106281575375,0.28195918841767287,0.14070085227675422,0.42266004069442714,0.6951227563897033,2.003955057130803,0.5143611322671221,0.2683365292945692,0.7826976615616914,0.6506819291190014,1.9168475375745075,0.6729023427543523
transfer,43001,tuned_schedule,5,76014,5000,1.1334526106470333,0.7256,0.9132,0.0868966569279013,0.2995409495064031,0.12825038401338973,0.4277913335197928,0.8482621973571367,2.335584538215433,0.5467866139545009,0.2443405984382141,0.791127212392715,0.8054932129026856,2.2377999384855682,0.8268777051299112
transfer,43002,entropy,1,25338,5000,2.0352588977620845,0.4724,0.7656,0.04823319263183637,0.2714625500058982,0.09480549226005838,0.36626804226595655,1.051989985567216,2.863343464509389,0.5160943381123698,0.18747898200376958,0.7035733201161395,1.012619435134133,2.752802366398738,1.0323047103506746
transfer,43002,entropy,2,38007,5000,1.7281064852765933,0.5658,0.8288,0.08220901340092208,0.2938604647451982,0.09993270865034179,0.39379317339554,1.0786013952682714,2.940563987006532,0.5865508986148785,0.18381424274324124,0.7703651413581198,1.1603300152441491,3.1909861764521463,1.1194657052562103
transfer,43002,entropy,3,50676,5000,1.5354847318094709,0.6262,0.8594,0.10093781890280903,0.3173172332554548,0.10348570447584007,0.42080293773129485,1.1204620154288483,3.0662705403816934,0.6039430916093341,0.1833224462366433,0.7872655378459774,1.1922295716039957,3.2944181664015426,1.1563457935164219
transfer,43002,entropy,4,63345,5000,1.3367710306401068,0.6774,0.8934,0.0992174818500346,0.32847391092144895,0.10254465400340858,0.4310185649248576,1.1641523560131848,3.203206553351647,0.6056179663958835,0.18447939214533304,0.7900973585412165,1.188707837790112,3.282836508276602,1.1764300969016483
transfer,43002,entropy,5,76014,5000,1.2312702696985918,0.7048,0.9068,0.10042021407480028,0.3350633287777696,0.1032308343759182,0.43829416315368785,1.177345261478265,3.2457461480112277,0.6040926067219607,0.18873502021068786,0.7928276269326486,1.1633798436662142,3.200732992290529,1.1703625525722394
transfer,43002,lite,1,25338,5000,2.001952168211766,0.4756,0.7702,0.037000706015352,0.24316829412850183,0.12885609388872715,0.372024388017229,0.6350538934392598,1.8871238423123802,0.4199685407415556,0.23790710767406437,0.65787564841562,0.5682976896986368,1.7652594728588087,0.6016757915689483
transfer,43002,lite,2,38007,5000,1.6492137905949886,0.5734,0.837,0.06521883990903779,0.2545156568703978,0.14312731633128006,0.39764297320167785,0.5756247383277491,1.7782411153450723,0.440431338840272,0.2781274456055291,0.7185587844458011,0.45967379122398255,1.5835573304319235,0.5176492647758658
transfer,43002,lite,3,50676,5000,1.402812906233707,0.6424,0.8766,0.08084606059429938,0.2681145793896862,0.1471628328556166,0.41527741224530274,0.599871678525381,1.8218849984203396,0.4482982718407302,0.29951150709449004,0.74780977893522,0.4033048502938331,1.4967631107949058,0.501588264409607
transfer,43002,lite,4,63345,5000,1.2218804528500848,0.6964,0.8988,0.0837119320833612,0.28012273783884145,0.14808396003069468,0.4282066978695362,0.6374452630845446,1.891642053188778,0.45702933485063113,0.312712320984715,0.769741655835346,0.3794629034766134,1.461499412341856,0.5084540832805791
transfer,43002,lite,5,76014,5000,1.098357813016879,0.7296,0.9144,0.08119457240111919,0.287876992432337,0.14596880155449904,0.433845793986836,0.6791369913421035,1.9721749935027166,0.4720050216785612,0.3120363363392411,0.7840413580178023,0.41386889489389145,1.5126587965915883,0.5465029431179975
transfer,43002,tuned_fixed,1,25338,5000,2.0011387764119304,0.4728,0.7696,0.03802287955028859,0.2330778971407743,0.1370037435840278,0.37008164072480215,0.5313614606572543,1.7012469133802086,0.4076954462141769,0.24395865557423807,0.651654101788415,0.5135200275037088,1.671163394843017,0.5224407440804816
transfer,43002,tuned_fixed,2,38007,5000,1.6506356157850595,0.5738,0.8336,0.06528773840119224,0.2403994495060065,0.14950302878067007,0.38990247828667657,0.47498273165129623,1.6079864299756503,0.4184530571151075,0.28899428205781824,0.7074473391729258,0.3701567410913358,1.4479615519515259,0.422569736371316
transfer,43002,tuned_fixed,3,50676,5000,1.4039064492344597,0.6464,0.8772,0.0766247851259338,0.2530823196436462,0.1561315246100883,0.4092138442537345,0.4830135978203651,1.6209519462756032,0.4216780227079833,0.3146912022319916,0.7363692249399749,0.292649389583169,1.3399728996053129,0.38783149370176706
transfer,43002,tuned_fixed,4,63345,5000,1.2311495929702876,0.6896,0.8976,0.08650763228486506,0.2640309686290631,0.15802391907833052,0.42205488770739363,0.5133174528302291,1.670824893751007,0.4317841027532007,0.3273225642973851,0.7591066670505858,0.27697884220992075,1.3191384606850627,0.39514814752007493
transfer,43002,tuned_fixed,5,76014,5000,1.1173087078623831,0.729,0.913,0.07952115688423367,0.27447100274932157,0.1580159406440418,0.43248694339336335,0.552147015575158,1.7369783368203107,0.4437799893081075,0.3279950654226803,0.7717750547307878,0.3023295607621601,1.353007051277332,0.42723828816865905
transfer,43002,tuned_schedule,1,25338,5000,2.000853406415098,0.4728,0.7692,0.038658005819687764,0.2342877152116777,0.13598577988071192,0.3702734950923896,0.5439965062595324,1.7228786167096284,0.41414239027410427,0.2402701677318509,0.6544125580059552,0.5444441161042648,1.7236499667588059,0.5442203111818986
transfer,43002,tuned_schedule,2,38007,5000,1.637860046321142,0.5798,0.8382,0.0611259848936096,0.24578891636960398,0.14848898267212346,0.39427789904172744,0.5039596733562894,1.655262610625565,0.4537196740926338,0.26942212210112915,0.723141796193763,0.5211986649575365,1.6840450461498544,0.512579169156913
transfer,43002,tuned_schedule,3,50676,5000,1.426429174360201,0.6358,0.8754,0.08662234231104068,0.2628170858808101,0.14976004042318164,0.4125771263039918,0.5624211442093452,1.75491626619421,0.4878092533981573,0.2721809107038577,0.759990164102015,0.5834558731288506,1.7922214306479385,0.5729385086690979
transfer,43002,tuned_schedule,4,63345,5000,1.2396280961093897,0.6918,0.901,0.08596733161765494,0.2797823481354427,0.14614498231723067,0.4259273304526734,0.6494095459583789,1.9144101240370266,0.5192615204298511,0.26181228422644476,0.781073804656296,0.6847779809158079,1.9833314492198804,0.6670937634370934
transfer,43002,tuned_schedule,5,76014,5000,1.1338813978742563,0.7236,0.9098,0.08077296068753861,0.2995031830716029,0.13307085977055452,0.43257404284215745,0.8112391029685473,2.250695102540948,0.5483231191931262,0.23828477903902662,0.7866078982321528,0.8333958648772056,2.30111977896642,0.8223174839228764
transfer,43003,entropy,1,25338,5000,2.030020179359997,0.4722,0.7634,0.04141969377868475,0.2736061695815579,0.09874805836260137,0.3723542279441593,1.0191115218488442,2.770731935254377,0.5050572105297759,0.1941591925885155,0.6992164031182914,0.9559901376841714,2.601244898845707,0.9875508297665079
transfer,43003,entropy,2,38007,5000,1.6514832407455957,0.573,0.8344,0.06800172056833856,0.29347850371849077,0.0999907199047797,0.3934692236232704,1.0767204212133934,2.9350380611311206,0.5732760322293579,0.1916545985790476,0.7649306308084054,1.0956690727997902,2.9911833334360547,1.0861947470065918
transfer,43003,entropy,3,50676,5000,1.452703016642329,0.6352,0.869,0.0944498127776594,0.31711810623843817,0.10191228373558348,0.4190303899740216,1.1351551405287352,3.111656249456267,0.5973896061386614,0.18780017647254754,0.7851897826112089,1.157187349831387,3.180973715710385,1.146171245180061
transfer,43003,entropy,4,63345,5000,1.3174240203242655,0.6752,0.8902,0.10440395047045466,0.3293525395159137,0.10245559357967887,0.4318081330955925,1.16769253038782,3.2145665594453,0.60193163064391,0.1902383174362019,0.7921699480801119,1.1518626847900426,3.1640811098146018,1.1597776075889312
transfer,43003,entropy,5,76014,5000,1.1971346644406222,0.7104,0.9036,0.09579344854995098,0.33643345639956707,0.10246915023333643,0.4389026066329035,1.1888318107942553,3.283243516609146,0.600900197929547,0.19251307771526777,0.7934132756448147,1.1382612428544991,3.1213363981531366,1.1635465268243772
transfer,43003,lite,1,25338,5000,2.006592755649953,0.4746,0.7674,0.030444030317789174,0.24766442710424683,0.13070413804477485,0.37836856514902173,0.6391348194742403,1.894840790569424,0.41214964863435555,0.2453966515332731,0.6575463001676287,0.5185089722632946,1.6795215686017788,0.5788218958687674
transfer,43003,lite,2,38007,5000,1.587828665763649,0.5788,0.846,0.05873350392122694,0.2560395744230154,0.1430247377894983,0.3990643122125137,0.5823113271540654,1.79017132426787,0.4405145771459836,0.28256557009413136,0.7230801472401149,0.4440316379937759,1.5589798078351402,0.5131714825739206
transfer,43003,lite,3,50676,5000,1.34756254308098,0.6558,0.8824,0.07636195733742067,0.2703405882385061,0.1465506625551936,0.4168912507936997,0.612308289284875,1.8446845537265144,0.44646048660961174,0.30440412239942205,0.7508646090090338,0.3829936867006688,1.4666687705202013,0.4976509879927719
transfer,43003,lite,4,63345,5000,1.1852729655382388,0.6964,0.9084,0.08639858314856197,0.2812125138156321,0.14716461423748442,0.42837712805311656,0.6475556363714465,1.910864268618018,0.45240330554195773,0.3158944573527426,0.7682977628947002,0.3591649336217554,1.4321329889742083,0.503360284996601
transfer,43003,lite,5,76014,5000,1.067599395711719,0.7328,0.9148,0.0768979358178018,0.29184178961274926,0.1457954528926224,0.4376372425053716,0.6940037748504724,2.001713922544387,0.46728954453022725,0.31503644168590333,0.7823259862161306,0.39425972098452744,1.4832857390840621,0.5441317479174999
transfer,43003,tuned_fixed,1,25338,5000,2.0082105859862525,0.4706,0.7658,0.03673491171026633,0.23770159125078072,0.1390937601558255,0.37679535140660625,0.5358648470566025,1.7089255625768112,0.3978343363521871,0.2520571802907821,0.6498915166429692,0.4563782568833177,1.5783472525796702,0.4961215519699601
transfer,43003,tuned_fixed,2,38007,5000,1.589147383084595,0.5806,0.8458,0.05821230093095703,0.244454094533695,0.1543274980792001,0.39878159261289503,0.45994819462109704,1.583991923567109,0.41732963993965444,0.29236477478560424,0.7096944147252586,0.35587313742440796,1.4274264497808904,0.4079106660227525
transfer,43003,tuned_fixed,3,50676,5000,1.3493558663545115,0.6546,0.8854,0.07748839134566785,0.2571017959620435,0.15683294052666158,0.41393473648870516,0.49428844727771626,1.6393313532687543,0.41881801209836966,0.3162871810576303,0.735105193156,0.2807851112000659,1.324169024267326,0.38753677923889107
transfer,43003,tuned_fixed,4,63345,5000,1.185711949129122,0.7,0.9036,0.08093344573286083,0.26821692877150916,0.1577924642212378,0.426009392992747,0.5305128276898621,1.6998037915908117,0.42269603009868206,0.3310759570082704,0.7537719871069526,0.24430483465387542,1.2767334637793077,0.38740883117186875
transfer,43003,tuned_fixed,5,76014,5000,1.093425388733487,0.736,0.914,0.07798169844675071,0.27819257064790737,0.15634566036295083,0.4345382310108582,0.5762414450137647,1.7793381067564547,0.43827599888347196,0.3316131410209778,0.7698891399044497,0.278879060859066,1.321647495291061,0.42756025293641536
transfer,43003,tuned_schedule,1,25338,5000,2.0059186691195543,0.4674,0.7698,0.03141373594743655,0.23902567897108778,0.1388041060655169,0.37782978503660464,0.5435043385841059,1.7220308801771718,0.40558137480306944,0.2485266240929667,0.6541079988960362,0.4897699939947783,1.6319408205960768,0.516637166289442
transfer,43003,tuned_schedule,2,38007,5000,1.5923102965258182,0.5736,0.8458,0.06562543307639465,0.24756093477190408,0.15004573548935388,0.39760667026125796,0.5007139767087545,1.6498988396150018,0.447110516039385,0.2741873172948773,0.7212978333342622,0.4889928803873973,1.6306731098193967,0.4948534285480759
transfer,43003,tuned_schedule,3,50676,5000,1.3503292769664428,0.6476,0.883,0.08513400150154445,0.26524024770296584,0.150171710228531,0.4154119579314969,0.5688537472769704,1.7662413317261496,0.4784699091177611,0.28085338112783576,0.7593232902455967,0.5327590946665341,1.7036262962904494,0.5508064209717523
transfer,43003,tuned_schedule,4,63345,5000,1.210176781526175,0.6932,0.9024,0.08657141347957782,0.28107201647299984,0.1435001630627967,0.42457217953579657,0.6722713405454432,1.9586811038597722,0.5115137934906966,0.268254205628453,0.7797679991191496,0.6454377195471206,1.906821499669872,0.6588545300462819
transfer,43003,tuned_schedule,5,76014,5000,1.096371898575967,0.7286,0.9134,0.07997536644673965,0.2993463383800222,0.1320137344243193,0.43136007280434147,0.8186910252171999,2.267529754806502,0.544538541011,0.24359184305650494,0.7881303840675049,0.8044424031682876,2.2354496715845054,0.8115667141927438
transfer,43004,entropy,1,25338,5000,2.0295672514836123,0.4692,0.7636,0.0492863236034535,0.2775852431677127,0.10018109147481982,0.3777663346425326,1.0191422262115817,2.7708170101188436,0.5084344217374633,0.18636485778600623,0.6947992795234694,1.003626490766904,2.728157548692594,1.0113843584892428
transfer,43004,entropy,2,38007,5000,1.6953030369727184,0.5612,0.8342,0.08603401598789728,0.29296682872893687,0.10008148416970226,0.3930483128986392,1.0740681157385619,2.9272637580835177,0.5756384927589452,0.18695614304701974,0.762594635805965,1.1246021751022788,3.0789917056775513,1.0993351454204203
transfer,43004,entropy,3,50676,5000,1.4809574691198806,0.632,0.865,0.09982118919203994,0.3158431330210159,0.10321130518249932,0.41905443820351523,1.1184607597617404,3.0601402852357795,0.6009004456780351,0.18689738060629926,0.7877978262843344,1.1678658872603989,3.215123874956583,1.1431633235110696
transfer,43004,entropy,4,63345,5000,1.299913644921916,0.6774,0.8894,0.09854881058963155,0.3285039473889256,0.103432366122586,0.43193631351151157,1.1556242985611902,3.1760055744448237,0.6045756190373442,0.18917917420998032,0.7937547932473246,1.161828546156685,3.1957715525005015,1.1587264223589377
transfer,43004,entropy,5,76014,5000,1.1857039046168796,0.7128,0.9054,0.09302886875323724,0.3347760396439804,0.1037053862242153,0.4384814258681957,1.1719010599581032,3.2281236655974657,0.6026760600863181,0.19061789968959858,0.7932939597759167,1.151105352632477,3.1616857565944927,1.1615032062952901
transfer,43004,lite,1,25338,5000,2.0019431391838194,0.472,0.767,0.03549291933531418,0.24155585098268517,0.13803779016700612,0.3795936411496913,0.5595701193583194,1.7499200818149578,0.41234963874274866,0.23708005511803754,0.6494296938607862,0.5534719649264112,1.7392812704391254,0.5565210421423652
transfer,43004,lite,2,38007,5000,1.6185675135213253,0.5762,0.8392,0.0610186227819178,0.2455815653409252,0.14774499563683935,0.39332656097776447,0.5081386520974709,1.662194391681307,0.42016069617513013,0.2834909539378108,0.703651650112941,0.393455886487292,1.4820939019218176,0.45079726929238145
transfer,43004,lite,3,50676,5000,1.3644837922275035,0.6458,0.8806,0.08235468895573825,0.2599430963570085,0.1504115378773728,0.4103546342343813,0.5470848222976417,1.7282076349840847,0.4254431196398889,0.3138438441051099,0.7392869637449988,0.30423487395968707,1.355587410884479,0.42565984812866436
transfer,43004,lite,4,63345,5000,1.1952633856753205,0.6934,0.905,0.08808892290486567,0.2705263513137507,0.15204903338086662,0.42257538469461736,0.576163573426822,1.7791995522691728,0.4378253979720023,0.3243786073489413,0.7622040053209436,0.2999080225537599,1.3497346567197244,0.43803579799029096
transfer,43004,lite,5,76014,5000,1.0825374623794246,0.7302,0.9168,0.08165101384233371,0.27990020282948636,0.15064350949497066,0.430543712324457,0.6195138743910154,1.8580245889335314,0.4535185310954562,0.3221472663474326,0.7756657974428889,0.34202644203008825,1.4077975220463903,0.4807701582105518
transfer,43004,tuned_fixed,1,25338,5000,2.0068184589807556,0.4706,0.7684,0.034832718019389856,0.23241040039579147,0.1460240316484123,0.3784344320442038,0.4647310221747549,1.5915860299580253,0.39970243452877097,0.2435284173334506,0.6432308518622217,0.49548511281689256,1.6412942588429897,0.48010806749582374
transfer,43004,tuned_fixed,2,38007,5000,1.6166935731363385,0.574,0.8434,0.06271208094743205,0.23347638147276223,0.15747521534027542,0.3909515968130376,0.39381077191323755,1.4826199687887032,0.407870513089903,0.29064095229441766,0.6985114653843207,0.33886010079361595,1.403347004346891,0.36633543635342675
transfer,43004,tuned_fixed,3,50676,5000,1.3418744064316053,0.6492,0.8816,0.07688069378507698,0.2472828747752385,0.1620012408410622,0.40928411561630074,0.4229267997981907,1.5264225574376145,0.4032398815954446,0.3263475063837333,0.7295873879791779,0.2115682561236647,1.2356143009929952,0.3172475279609277
transfer,43004,tuned_fixed,4,63345,5000,1.1707354053832575,0.7026,0.9032,0.08013100338364029,0.2557711986635165,0.16461965631282593,0.42039085497634243,0.4406434249864579,1.553706590608391,0.41602729978546227,0.33845664253461544,0.7544839423200775,0.20635433459249386,1.2291886709070643,0.3234988797894759
transfer,43004,tuned_fixed,5,76014,5000,1.0557854376763598,0.7434,0.9162,0.06949762370334049,0.26551297795882245,0.16541490973471445,0.4309278876935368,0.4732045195635588,1.6051296298200102,0.42947607278866196,0.3391098010997988,0.7685858738884608,0.23624145795252616,1.266480074936536,0.3547229887580425
transfer,43004,tuned_schedule,1,25338,5000,2.0065596628626174,0.4728,0.7666,0.036168292753026986,0.2335207923853902,0.14448754598632874,0.3780083383717189,0.4800751641475336,1.6161958776129262,0.40668671813810126,0.24002049771036188,0.6467072158484631,0.5273171205090745,1.6943803868304264,0.5036961423283041
transfer,43004,tuned_schedule,2,38007,5000,1.6255923295504253,0.5784,0.8404,0.06473895545095938,0.23780020707328875,0.15259802142787168,0.39039822850116046,0.44362135407744985,1.558340314689955,0.44863268855817706,0.26950427555330336,0.7181369641114804,0.5096187508701038,1.6646564251371967,0.4766200524737768
transfer,43004,tuned_schedule,3,50676,5000,1.397624322910197,0.6394,0.8764,0.08849272898799554,0.25721194599494923,0.15361382258044703,0.4108257685753964,0.5154560082148174,1.6744018687405542,0.4796799018810619,0.28025766019143855,0.7599375620725004,0.537408131945604,1.711564957719424,0.5264320700802108
transfer,43004,tuned_schedule,4,63345,5000,1.187749724090708,0.7016,0.9058,0.08089994904696678,0.27236013524317404,0.147991598731395,0.42035173397456904,0.609966624835532,1.8403699751060294,0.512350540996324,0.26998769719276106,0.7823382381890851,0.6406308970705095,1.8976777410445658,0.6252987609530207
transfer,43004,tuned_schedule,5,76014,5000,1.105065915770741,0.7314,0.913,0.07880166700361028,0.2930359413452582,0.13413795580985013,0.42717389715510823,0.7814224344359708,2.184577474724459,0.5473646355568839,0.24363301661756243,0.7909976521744463,0.8094498496896061,2.246671639519434,0.7954361420627885
transfer,43005,entropy,1,25338,5000,2.0401838017287433,0.4686,0.766,0.05771554488114139,0.2674877569350636,0.09365161581461962,0.3611393727496832,1.0494851749869163,2.856180306426714,0.5059786471619665,0.1896121700026632,0.6955908171646296,0.9815103960305243,2.668483666798355,1.0154977855087202
transfer,43005,entropy,2,38007,5000,1.7045548732182363,0.5566,0.8352,0.09120614123231802,0.28822905150507,0.09794690946800615,0.3861759609730761,1.079323149906748,2.942687118801835,0.5797874422792959,0.1868525394340418,0.7666399817133377,1.1323381839089324,3.1029031830780918,1.1058306669078402
transfer,43005,entropy,3,50676,5000,1.474325744894878,0.621,0.8674,0.10987336639515403,0.30875044364712967,0.10049368831546421,0.4092441319625939,1.1224316901914948,3.0723160479678677,0.604772256377756,0.18436642463419717,0.7891386810119532,1.1879229654152903,3.280260911479806,1.1551773278033926
transfer,43005,entropy,4,63345,5000,1.3407582301906378,0.6758,0.8916,0.10586753699403421,0.31962448082220957,0.10108302012295683,0.4207075009451664,1.151197884518133,3.161978326875233,0.603540105489955,0.18845001771003356,0.7919901231999884,1.163976029925736,3.2026417942651477,1.1575869572219344
transfer,43005,entropy,5,76014,5000,1.1825262948202555,0.714,0.9036,0.09343128632253717,0.32760924666339153,0.10188580512907318,0.4294950517924647,1.1679621860458358,3.2154335023889042,0.6008778253355676,0.19119019106519464,0.7920680164007623,1.1451193647477829,3.142816475946702,1.1565407753968093
transfer,43005,lite,1,25338,5000,2.0109618304350776,0.4676,0.772,0.04702502012532838,0.23899399889273842,0.1290645988293035,0.36805859772204197,0.6161218334107943,1.851732770471416,0.4045898240186767,0.2456780739481328,0.6502678979668095,0.49885013854953786,1.6468265592050098,0.5574859859801661
transfer,43005,lite,2,38007,5000,1.6308640614870944,0.5708,0.8424,0.07254581086982559,0.2512989927068824,0.14171752268923346,0.3930165153961158,0.5728045597366609,1.7732332227167222,0.42210398943663674,0.28972537523260367,0.7118293646692404,0.3763171293353431,1.4569090891285075,0.474560844536002
transfer,43005,lite,3,50676,5000,1.3769618496699694,0.6374,0.8818,0.08760582573602768,0.2645665854265462,0.1447560220023003,0.40932260742884646,0.6030401136011114,1.8276666773535997,0.42651556755673703,0.3161258486815496,0.7426414162382866,0.29950765864452344,1.3491943798370274,0.45127388612281744
transfer,43005,lite,4,63345,5000,1.1996491569591115,0.6978,0.908,0.08891229270174372,0.2780233708955566,0.1460567417082749,0.4240801126038315,0.6437067402653154,1.9035236862066662,0.4373686152710481,0.3284966442387251,0.7658652595097732,0.28624897251086023,1.331423901941908,0.4649778563880878
transfer,43005,lite,5,76014,5000,1.0907860819689692,0.7318,0.9184,0.08569842210358684,0.2855431610334774,0.14432140024280793,0.4298645612762853,0.6823470091911032,1.9785158821712916,0.45500318738103707,0.3300566431621251,0.7850598305431621,0.3210393064885789,1.3785597661725348,0.5016931578398411
transfer,43005,tuned_fixed,1,25338,5000,2.0101916898094743,0.4668,0.775,0.0444739571656505,0.22975702689825142,0.13736915557520532,0.36712618247345674,0.5143475502954258,1.6725468930001104,0.3908415494644575,0.2512085920055806,0.6420501414700381,0.4420171734929814,1.555842459454235,0.4781823618942036
transfer,43005,tuned_fixed,2,38007,5000,1.6241129488246453,0.571,0.8442,0.07087096511797514,0.23814063525167528,0.1508670481582986,0.3890076834099739,0.45646000123924657,1.5784762788327766,0.4099094567118048,0.2947711321250615,0.7046805888368664,0.3297361131970872,1.390601118758045,0.3930980572181669
transfer,43005,tuned_fixed,3,50676,5000,1.3779418278427753,0.6404,0.883,0.08782469810667612,0.24870598884317818,0.15286668048204716,0.4015726693252253,0.48670273815747356,1.626942909442434,0.41162283592366633,0.32545607680632954,0.7370789127299958,0.23487932822783308,1.2647561391593651,0.3607910331926533
transfer,43005,tuned_fixed,4,63345,5000,1.1932411724178962,0.6962,0.9044,0.08759028118860848,0.2606958381864476,0.15523024509563565,0.41592608328208325,0.5184422837181513,1.679409567486469,0.41544243905205835,0.3424810926632458,0.7579235317153041,0.1931271054569429,1.2130369673387673,0.3557846945875471
transfer,43005,tuned_fixed,5,76014,5000,1.0976659769881867,0.7254,0.9166,0.09143588088278715,0.2696071168564469,0.15486479858346794,0.4244719154399148,0.5544105593253335,1.7409145164555897,0.4304387976113325,0.3466912713108802,0.7771300689222127,0.21636991085144386,1.2415615611614128,0.38539023508838866
transfer,43005,tuned_schedule,1,25338,5000,2.0113758816454226,0.4688,0.7728,0.04350346759820546,0.23026196567688592,0.135935559055258,0.36619752473214384,0.5270336854835671,1.6939002081352108,0.3961545992699178,0.24786532422496715,0.644019923494885,0.4689174759058451,1.5982630980978325,0.4979755806947061
transfer,43005,tuned_schedule,2,38007,5000,1.649194308057433,0.5634,0.8418,0.07913097872189062,0.2414270490043986,0.14647222831073783,0.3878992773151364,0.4997288251207994,1.6482742395232626,0.4426022561703604,0.2736964187014055,0.716298674871766,0.4806505996260716,1.617126161694734,0.4901897123734355
transfer,43005,tuned_schedule,3,50676,5000,1.3963889974471884,0.6394,0.8772,0.08699776010485816,0.26147116366431145,0.147561519535374,0.40903268319968544,0.5720758819036302,1.7719415776282594,0.4790842687757264,0.2811749520754893,0.7602592208512156,0.5328979583692465,1.7038628845723724,0.5524869201364384
transfer,43005,tuned_schedule,4,63345,5000,1.212848355938992,0.6936,0.9058,0.09031197125413633,0.27646101193465156,0.143700247502629,0.4201612594372805,0.6543369481528469,1.9238664711633324,0.5089144530668832,0.27083153937480875,0.7797459924416918,0.630781204767073,1.8790779506837194,0.64255907645996
transfer,43005,tuned_schedule,5,76014,5000,1.0950658477729398,0.7268,0.9178,0.0867510228529145,0.29499252571425655,0.13103827314629302,0.42603079886054956,0.8114563360861757,2.2511840811641566,0.5402068706234194,0.2453773476961624,0.7855842183195818,0.7891527153975937,2.2015303130670976,0.8003045257418847
transfer,43006,entropy,1,25338,5000,2.0192608559077283,0.4754,0.7676,0.05712747209100922,0.273835250964075,0.0964750526842664,0.3703103036483414,1.0432354846846257,2.8383857272876694,0.5128392337442109,0.18735827586727535,0.7001975096114863,1.0069363265533595,2.7372022621794563,1.0250859056189925
transfer,43006,entropy,2,38007,5000,1.6887634902332,0.5688,0.8328,0.07745346147058514,0.2961587843744308,0.10070174530074055,0.39686052967517127,1.078726059228603,2.940930592209514,0.5810898465475021,0.18751681713891388,0.768606663686416,1.1310332413799398,3.0988567135304685,1.1048796503042713
transfer,43006,entropy,3,50676,5000,1.495154781680594,0.632,0.8676,0.09596880211883937,0.31307192395345856,0.10059724237623728,0.4136691663296958,1.1353013611766491,3.112111271115118,0.6008271682692894,0.18647839183810025,0.7873055601073897,1.16998825050282,3.221954781957478,1.1526448058397345
transfer,43006,entropy,4,63345,5000,1.349233075117741,0.678,0.8874,0.0985476108727635,0.3243973150592654,0.10141048376613154,0.42580779882539693,1.1627857913297566,3.1988321540326865,0.6037024181018177,0.18686449147527262,0.7905669095770903,1.1726939865947745,3.2306843459200394,1.1677398889622657
transfer,43006,entropy,5,76014,5000,1.2268993420520313,0.7072,0.9062,0.10221966055430023,0.3306062546646055,0.10114155413625182,0.4317478088008573,1.1844001802743347,3.2687255872462506,0.6000254555594764,0.19020384521799277,0.7902293007774692,1.1488721227241552,3.154632863699078,1.166636151499245
transfer,43006,lite,1,25338,5000,1.9885125189814312,0.4764,0.7726,0.042943920407097824,0.24406826950230828,0.13223039223174882,0.3762986617340571,0.6128987170287923,1.8457740282621566,0.41284302941061607,0.24140494105138033,0.6542479704619963,0.5365899496952335,1.710165158374239,0.5747443333620129
transfer,43006,lite,2,38007,5000,1.6238458271911806,0.5772,0.8442,0.0601203497683068,0.25316959014053164,0.14638523794238242,0.3995548280829141,0.5478149368574139,1.729469885278283,0.423704976253602,0.2888468241047241,0.7125518003583261,0.38313977321101156,1.4668830466937635,0.4654773550342127
transfer,43006,lite,3,50676,5000,1.3961101988631488,0.6464,0.8832,0.07983112791193292,0.26652616541754526,0.14910870128488352,0.4156348667024288,0.5807938871552081,1.7874569066993715,0.43802399054819363,0.3104761176879245,0.7485001082361182,0.34416576118393805,1.4108124740724812,0.46247982416957306
transfer,43006,lite,4,63345,5000,1.2305219567940655,0.6964,0.8956,0.08215425995726314,0.27841993363486145,0.14871064074768947,0.4271305743825509,0.6271249844441882,1.8722201721063803,0.4514095428178905,0.31822172054010445,0.7696312633579949,0.3496257032461808,1.4185364956082727,0.4883753438451845
transfer,43006,lite,5,76014,5000,1.1134926147108815,0.7252,0.9104,0.08364452168277434,0.28655389874236925,0.1456389064215398,0.432192805163909,0.6767929556709578,1.967557558798242,0.46886398186339573,0.3169105557254285,0.7857745375888242,0.3916921109190321,1.479482124879092,0.5342425332949949
transfer,43006,tuned_fixed,1,25338,5000,1.9907630464123052,0.4736,0.7714,0.04393339333194574,0.23492237466938923,0.1411367297054851,0.37605910437487433,0.5095231757015881,1.6644973329215973,0.40509413639031633,0.2460655273562328,0.6511596637465492,0.49852000840972577,1.6462829818533435,0.504021592055657
transfer,43006,tuned_fixed,2,38007,5000,1.6228033678791849,0.575,0.8412,0.06334324489502113,0.2396736011745761,0.1553599316016644,0.3950335327762404,0.4335311740044896,1.542695442822695,0.4225230876284497,0.2901075515457685,0.7126306391742182,0.3759912886934925,1.4564344462689542,0.40476123134899106
transfer,43006,tuned_fixed,3,50676,5000,1.3911224718370956,0.6434,0.8848,0.08084477880394982,0.24987243891049674,0.15847844525855015,0.4083508841690469,0.4553296433228706,1.5766930437120252,0.4299495446111482,0.3165113680288462,0.7464609126399945,0.30630787121991687,1.3584004545818047,0.38081875727139375
transfer,43006,tuned_fixed,4,63345,5000,1.2041468252412404,0.699,0.9054,0.07902210004964379,0.26172345233810956,0.15868809824117852,0.4204115505792881,0.5003453106539817,1.6492906900279694,0.4364196184166086,0.3293813733934659,0.7658009918100745,0.2813871943842934,1.3249665242264783,0.39086625251913754
transfer,43006,tuned_fixed,5,76014,5000,1.0923003087693193,0.7314,0.9164,0.07883455655004967,0.27040452605192755,0.158365230024335,0.42876975607626266,0.5350125181821794,1.7074696165361534,0.44746796781912734,0.3321525914059982,0.7796205592251256,0.29800970299927887,1.347174859452827,0.41651111059072915
transfer,43006,tuned_schedule,1,25338,5000,1.9941241495039725,0.474,0.77,0.04339092914514699,0.23542064896483325,0.13944046340664118,0.3748611123714744,0.5237332612722057,1.688318834393564,0.40964622995125033,0.2426810668150159,0.6523272967662661,0.5235441549113392,1.6879995927490739,0.5236387080917724
transfer,43006,tuned_schedule,2,38007,5000,1.6294102853255046,0.5722,0.8448,0.0700083466787855,0.24328852055628164,0.1505227198168014,0.393811240373083,0.4801314982280507,1.616286927086197,0.454800014483193,0.26914698911579005,0.7239470035989831,0.5245986187485836,1.6897804660451439,0.5023650584883171
transfer,43006,tuned_schedule,3,50676,5000,1.4042348894906596,0.6444,0.8774,0.08377706851205947,0.260773633773735,0.15078066820694835,0.4115543019806833,0.5478236776146133,1.7294850022207007,0.4901592488230793,0.2771063687320371,0.7672656175551164,0.5703273322177551,1.7688459569513086,0.5590755049161842
transfer,43006,tuned_schedule,4,63345,5000,1.2526638883544026,0.6852,0.8968,0.09563983695880067,0.27678145919193203,0.14501061758949446,0.4217920767814265,0.6464179912463168,1.9086916192843286,0.5182556201526773,0.26632737966927167,0.7845829998219491,0.6657404678511432,1.9459308872612522,0.65607922954873
transfer,43006,tuned_schedule,5,76014,5000,1.1390444592023556,0.7232,0.9094,0.08712445560087961,0.29607420207564206,0.13136622089344485,0.42744042296908696,0.8126168686683677,2.253798170213221,0.5462184612233238,0.24442544843784955,0.7906439096611735,0.8041063993465423,2.2346986781269353,0.808361634007455
transfer,43007,entropy,1,25338,5000,2.0241204038180576,0.477,0.7622,0.04961683389350287,0.27473695568526624,0.09570392063684319,0.3704408763221094,1.054548040512607,2.870677430764216,0.5132591934824066,0.18515568715930156,0.6984148806417081,1.0195804921292577,2.7720316309225046,1.0370642663209324
transfer,43007,entropy,2,38007,5000,1.6767386955314603,0.5776,0.8354,0.0746993302510209,0.2997790192619265,0.10056227238787181,0.40034129164979837,1.0922618311579608,2.981008992086863,0.5804136614151801,0.18842270550481932,0.7688363669199993,1.1250496019476783,3.0803696374622827,1.1086557165528195
transfer,43007,entropy,3,50676,5000,1.4434038507641453,0.6356,0.8732,0.09885308101614243,0.31640584829022245,0.10171483635405218,0.41812068464427465,1.134845872771439,3.1106940633007674,0.601861387627568,0.1877971478982256,0.7896585355257937,1.1646611225681514,3.2048366523494063,1.1497534976697952
transfer,43007,entropy,4,63345,5000,1.290675328230133,0.6874,0.895,0.09532233351776827,0.32610522801751357,0.1016435394614294,0.42774876747894297,1.1657413614930765,3.2083005122105908,0.6031269844608623,0.19031263714130894,0.7934396216021712,1.1534559873967867,3.1691264668177004,1.1595986744449316
transfer,43007,entropy,5,76014,5000,1.162303035340788,0.7172,0.9078,0.09348624284959592,0.3347216651290074,0.10305237258614276,0.4377740377151501,1.1780552892003122,3.2480515361029187,0.6000465782508844,0.19453145542416045,0.7945780336750449,1.1264099340851896,3.08456281468578,1.1522326116427508
transfer,43007,lite,1,25338,5000,1.998115285398381,0.4784,0.7686,0.04262285345212583,0.24331379122453184,0.13454214524928293,0.37785593647381477,0.5924711119990658,1.8084517852895121,0.42205418560267594,0.23546771198197441,0.6575218975846502,0.5835580302523987,1.7924045281862544,0.5880145711257323
transfer,43007,lite,2,38007,5000,1.5994095051258714,0.5826,0.8472,0.06375593897382417,0.2542183732943227,0.1485349108321929,0.40275328412651556,0.5373708158596127,1.711501090005936,0.44968029111821417,0.27864395137297554,0.7283242424911898,0.4786006941978589,1.6138146013501635,0.5079857550287358
transfer,43007,lite,3,50676,5000,1.3564854026160307,0.655,0.8792,0.08099985799352864,0.2660200671806444,0.15205723787931907,0.41807730505996354,0.5593119141645173,1.7494683016895922,0.4535059406451786,0.30427876164788537,0.7577847022930639,0.3990630272608212,1.4904275532132825,0.47918747071266926
transfer,43007,lite,4,63345,5000,1.1842258241562276,0.7046,0.9044,0.08423760206093331,0.2778660803724274,0.1515256887444711,0.4293917691168985,0.6063810984298574,1.8337830957357744,0.46295998724063625,0.315023481882552,0.7779834691231884,0.38499243364909175,1.4696032018655558,0.4956867660394746
transfer,43007,lite,5,76014,5000,1.0744479697847726,0.7388,0.915,0.0795901179991978,0.28693068030934776,0.14892645030005097,0.4358571306093988,0.6557848630911289,1.9266540837921642,0.4746861769322,0.31487838975192606,0.7895645666841262,0.4104663363711274,1.507520632919724,0.5331255997311282
transfer,43007,tuned_fixed,1,25338,5000,1.9972448931977456,0.4792,0.7684,0.039118532926713113,0.23388166573709124,0.14317299920167076,0.37705466493876205,0.4907588929064197,1.6335554433151713,0.41063550675648197,0.2432321916649295,0.6538676984214113,0.5236877917236556,1.6882420690436117,0.5072233423150376
transfer,43007,tuned_fixed,2,38007,5000,1.6061549142385851,0.5782,0.8422,0.06370785098412976,0.24025128850680547,0.15754983595080216,0.39780112445760757,0.4219413991987153,1.5249191605801966,0.4273332949127678,0.2891054390990284,0.7164387340117961,0.39077167730900986,1.4781209863208606,0.4063565382538626
transfer,43007,tuned_fixed,3,50676,5000,1.334230597737594,0.6572,0.8856,0.07437518989813399,0.2525820926719828,0.1628407493763763,0.41542284204835905,0.4389614079768711,1.551095426322074,0.430463118941101,0.3178701796324225,0.7483332985735236,0.3032177677754624,1.3542093354889169,0.37108958787616675
transfer,43007,tuned_fixed,4,63345,5000,1.1665695506881244,0.7066,0.9032,0.08077067355940121,0.2627411982016713,0.16313272552324865,0.42587392372491994,0.4766030500145182,1.6105939918856766,0.4385093077429979,0.32968493520318204,0.7681942429461799,0.2852428285714157,1.3300849715434433,0.38092293929296694
transfer,43007,tuned_fixed,5,76014,5000,1.05501403981607,0.7412,0.9164,0.07556517059965161,0.27165516790258665,0.1593644937122761,0.43101966161486277,0.5333369112304391,1.704610964234478,0.45239299676585,0.3324698802278586,0.7848628769937087,0.3080011964069498,1.3607026168902436,0.42066905381869446
transfer,43007,tuned_schedule,1,25338,5000,1.996867559039377,0.4786,0.767,0.03709898922922998,0.23556600552063695,0.14204485973900655,0.37761086525964344,0.5058454361200946,1.658386988212575,0.41632768247738466,0.2397815675070975,0.6561092499844822,0.5517425064201344,1.7362758552706772,0.5287939712701145
transfer,43007,tuned_schedule,2,38007,5000,1.6002265106844884,0.5824,0.844,0.061123228045469734,0.24516314649088825,0.1548735019432818,0.40003664843417,0.4593128478000672,1.5829858589677488,0.458691502445469,0.2723031573411717,0.7309946597866407,0.5214603891783749,1.6844858592106258,0.49038661848922105
transfer,43007,tuned_schedule,3,50676,5000,1.3418452861288817,0.6588,0.8914,0.0753912756427948,0.26126484735572264,0.15434172077241187,0.41560656812813457,0.5263628718666329,1.692764297844507,0.49462843483828206,0.2772898425299617,0.7719182773682438,0.5787419373435727,1.7837928953057172,0.5525524046051028
transfer,43007,tuned_schedule,4,63345,5000,1.1846958305496065,0.7036,0.9064,0.08008020617351132,0.2782684375632245,0.14961096039417954,0.42787939795740415,0.6205448326838436,1.8599411225551337,0.5196610825646404,0.2685867135531387,0.7882477961177791,0.6600012186146849,1.934794692169819,0.6402730256492642
transfer,43007,tuned_schedule,5,76014,5000,1.0854886080013921,0.7388,0.9096,0.07749491306013605,0.29878882575276877,0.13754475178247108,0.4363335775352398,0.7757838003230388,2.172294104912128,0.5468109822987662,0.24485672071113548,0.7916677030099017,0.8034277080407249,2.233182522122116,0.789605754181882
transfer,43008,entropy,1,25338,5000,2.049161858284347,0.4722,0.7612,0.05240547985090056,0.2740190088440105,0.09476920453735327,0.3687882133813638,1.0617460669702339,2.8914151887897064,0.5089570818394352,0.19113221468162062,0.7000892965210558,0.9793950152080554,2.662844773930215,1.0205705410891446
transfer,43008,entropy,2,38007,5000,1.7106408848238517,0.564,0.8298,0.0870888745449139,0.2969727792274727,0.09964588776566112,0.39661866699313386,1.09201103495902,2.980261460105647,0.5783120618578237,0.18785709814303408,0.7661691600008578,1.1244284708401957,3.0784569181441386,1.1082197528996078
transfer,43008,entropy,3,50676,5000,1.4903817958701273,0.6276,0.8686,0.09436588421681921,0.31898805228963645,0.10131412960654383,0.4203021818961803,1.1469210287948122,3.1484838792431766,0.6048914817943327,0.18550116942522918,0.790392651219562,1.181984149201233,3.260837777092134,1.1644525889980226
transfer,43008,entropy,4,63345,5000,1.313974594668795,0.6788,0.8934,0.09570887606115487,0.3292694308645261,0.10205216952760428,0.4313216003921303,1.171385444089041,3.226459622848479,0.6045433438496934,0.18820172100614302,0.7927450648558365,1.1669553385059501,3.21219768034045,1.1691703912974956
transfer,43008,entropy,5,76014,5000,1.1862625856170455,0.7138,0.9022,0.09038431552094837,0.33431613056365567,0.1026460295369068,0.43696216010056244,1.1807938299327194,3.2569586482135042,0.6032825662101069,0.19071675450922543,0.7939993207193323,1.1515927351934374,3.1632270826727087,1.1661932825630785
transfer,43008,lite,1,25338,5000,2.0208301244562517,0.4692,0.7688,0.04260890667060821,0.23916526032202082,0.13303122920840582,0.3721964895304266,0.5865675362211642,1.7978069054781256,0.3964872410701932,0.24748463142513127,0.6439718724953244,0.47129385833788073,1.6020656988732607,0.5289306972795225
transfer,43008,lite,2,38007,5000,1.6497935180929242,0.5728,0.8376,0.0677090121676937,0.24910549958790343,0.1479340824623678,0.39703958205027123,0.5211069686856462,1.6838906325771097,0.4048182807631663,0.2895761461010026,0.6943944268641689,0.33501900518227035,1.3979669535867587,0.4280629869339583
transfer,43008,lite,3,50676,5000,1.3743015711161486,0.6476,0.8764,0.07525365137015992,0.26162298762487773,0.15059564473628748,0.4122186323611653,0.5523032753829065,1.7372497779284009,0.4356194813949886,0.30639010838353364,0.7420095897785222,0.3519089909571892,1.421779123073273,0.45210613317004783
transfer,43008,lite,4,63345,5000,1.1950653431427012,0.6952,0.9058,0.08302486848421879,0.2733836021078565,0.15323975302019124,0.4266233551280477,0.5788693688759143,1.7840202212516854,0.45627341310131136,0.31398480087800806,0.7702582139793194,0.37374664688038817,1.4531689389310516,0.47630800787815125
transfer,43008,lite,5,76014,5000,1.1011534327140553,0.7288,0.914,0.08315948166619785,0.28269717617599743,0.1512451570681464,0.43394233324414383,0.6254711244577027,1.869126341164643,0.47258957149314146,0.3113682733639061,0.7839578448570476,0.417249832295693,1.5177816564475566,0.5213604783766979
transfer,43008,tuned_fixed,1,25338,5000,2.0173610400287854,0.4716,0.7684,0.04307191683943325,0.22974997544627662,0.1413246892286671,0.37107466467494377,0.48592892745748384,1.6256844505780976,0.3760215834575716,0.2565465698617008,0.6325681533192724,0.38233509900719076,1.465703158522519,0.4341320132323373
transfer,43008,tuned_fixed,2,38007,5000,1.6434065816344614,0.5724,0.8318,0.06885853385529432,0.2350877394490653,0.1565250096016178,0.3916127490506832,0.4067408658338003,1.5019148577760426,0.3818274991247304,0.2970082586835333,0.6788357578082636,0.251208240289735,1.2855777655455953,0.32897455306176765
transfer,43008,tuned_fixed,3,50676,5000,1.366161178280106,0.6508,0.8806,0.07422338579812357,0.2472501488102795,0.1626291925822925,0.409879341392572,0.4189257507288904,1.5203274673930427,0.4031614548330628,0.31823913956283373,0.7214005943958965,0.23653334079643307,1.2668497926970708,0.3277295457626617
transfer,43008,tuned_fixed,4,63345,5000,1.1881424812869916,0.7022,0.9026,0.07967754313648563,0.2586381190492456,0.16632063102258365,0.42495875007182926,0.4415102772880166,1.5550540086642535,0.41717721281171016,0.3302876466965783,0.7474648595082884,0.23354654025162858,1.263071610193594,0.3375284087698226
transfer,43008,tuned_fixed,5,76014,5000,1.0758651869590152,0.7382,0.914,0.07657746900325385,0.2664965304442615,0.1637080703143792,0.4302046007586408,0.4872740859438194,1.6278727252710685,0.437489643448955,0.332501879150607,0.769991522599562,0.2744068000085993,1.315749940471324,0.38084044297620934
transfer,43008,tuned_schedule,1,25338,5000,2.019654831357138,0.4738,0.7678,0.0446165721023466,0.23103903619046767,0.14011882907063092,0.37115786526109856,0.5000930338959289,1.6488746647985568,0.3824423888178438,0.2544423715106316,0.6368847603284753,0.40750233678971615,1.5030589578627083,0.4537976853428225
transfer,43008,tuned_schedule,2,38007,5000,1.6337767685837727,0.5742,0.8402,0.06586506141131505,0.24074223760822816,0.15380335600217374,0.39454559361040187,0.44804958224767244,1.56525630265521,0.42348877067436114,0.2826757920438323,0.7061645627181934,0.4042251921565627,1.4981412786398614,0.4261373872021176
transfer,43008,tuned_schedule,3,50676,5000,1.3782230668591864,0.648,0.881,0.07852069040307362,0.25823998299428325,0.15475541908485296,0.4129954020791362,0.5120408005298758,1.6686931923172097,0.4827074158384624,0.279467801930088,0.7621752177685504,0.54652211207621,1.7272354284440552,0.5292814563030429
transfer,43008,tuned_schedule,4,63345,5000,1.2107378112641358,0.7024,0.8998,0.07411682421275297,0.2757727451245422,0.14941183538197814,0.42518458050652025,0.6128675836122861,1.8457165639050939,0.514689171487198,0.2688703336832312,0.7835595051704292,0.6493321591336125,1.9142619796485127,0.6310998713729493
transfer,43008,tuned_schedule,5,76014,5000,1.0854441512997401,0.726,0.9126,0.08232157633394029,0.29673143931708185,0.13637375028674623,0.43310518960382804,0.7774242419746058,2.1758605511149387,0.5474570888961592,0.2445633876448606,0.7920204765410197,0.8058072904025035,2.2385028914804215,0.7916157661885547
transfer,43009,entropy,1,25338,5000,2.0257634826589777,0.4658,0.7702,0.047839107003779927,0.2660362978931404,0.09542838211886294,0.3614646800120034,1.0252499968927156,2.7877923128725204,0.5144409962936889,0.19043011579593813,0.704871112089627,0.9937922786052474,2.701459759574973,1.0095211377489814
transfer,43009,entropy,2,38007,5000,1.6895728000901693,0.5706,0.835,0.08144178024834098,0.2887070021218019,0.10057950311384369,0.3892865052356456,1.0544573712028975,2.870417160222623,0.5810853719113199,0.18988822824542767,0.7709736001567475,1.1184585136698642,3.060133411887264,1.0864579424363807
transfer,43009,entropy,3,50676,5000,1.4506219035391674,0.6324,0.87,0.10047328808980283,0.3089480598858736,0.10190260233587464,0.41085066222174815,1.1091491172887273,3.031777609466409,0.6013418849435325,0.18894531805474007,0.7902872029982726,1.1577023526220795,3.1826123479649704,1.1334257349554036
transfer,43009,entropy,4,63345,5000,1.279611363585275,0.6856,0.894,0.09558217346533046,0.3203489653458786,0.10392574843012113,0.42427471377599973,1.1257277309512808,3.0824592338831547,0.6041477898752982,0.1902264238018393,0.7943742136771375,1.1556001847067647,3.1759289896321286,1.1406639578290227
transfer,43009,entropy,5,76014,5000,1.2009560769650098,0.715,0.9086,0.09629609841450995,0.3267085995669723,0.10438008773842072,0.43108868730539296,1.141023194498828,3.1299692946839888,0.6016778301448389,0.19415452635527042,0.7958323565001093,1.1310642780703137,3.0989528932793426,1.136043736284571
transfer,43009,lite,1,25338,5000,1.9906534026714977,0.4736,0.778,0.030547336109406204,0.2362532108092648,0.13386267282503791,0.3701158836343027,0.5680864746417669,1.764886662851788,0.4134791697938134,0.24304347796117878,0.6565226477549921,0.5313650928773487,1.7012530926946552,0.5497257837595577
transfer,43009,lite,2,38007,5000,1.6241417876154045,0.5794,0.8408,0.06321087897511388,0.2440779778260395,0.14730673844877057,0.3913847162748101,0.5049679951527599,1.656932489741014,0.432924455428155,0.28531968178152,0.7182441372096748,0.4169518078771416,1.5173293878487963,0.46095990151495075
transfer,43009,lite,3,50676,5000,1.3547701574102111,0.6474,0.8816,0.08247797206738103,0.2564188843846815,0.15249743061294177,0.40891631499762326,0.5196619693100082,1.6814591688192784,0.43852759372154304,0.31144407315964784,0.7499716668811908,0.3422020251832443,1.408044729276394,0.43093199724662623
transfer,43009,lite,4,63345,5000,1.1710261989429236,0.707,0.9042,0.08025136073443623,0.2686750983002958,0.15360913180785363,0.4222842301081494,0.5590887777295599,1.7490779751193415,0.4481108952529735,0.3225571598472404,0.7706680551002139,0.328759506830264,1.389243711785787,0.44392414227991195
transfer,43009,lite,5,76014,5000,1.0689550460811805,0.7348,0.917,0.08015712151644865,0.27737951277214795,0.15270957548801467,0.4300890882601626,0.5968457893929713,1.8163805085910234,0.46305918936628526,0.3224834981784666,0.785542687544752,0.36180197685155935,1.435914569481174,0.4793238831222653
transfer,43009,tuned_fixed,1,25338,5000,1.9885876667016895,0.4734,0.7788,0.030124533629119734,0.2247043481223784,0.1411921654876937,0.36589651361007214,0.4646610592497069,1.5914746818390693,0.40011124753989863,0.24898354820052288,0.6490947957404215,0.4743542874720199,1.6069762177276283,0.4695076733608634
transfer,43009,tuned_fixed,2,38007,5000,1.6017695054146808,0.5856,0.8434,0.05496337485765579,0.2299977629458157,0.1581869758273026,0.38818473877311827,0.3742898841158677,1.4539585688668941,0.41441961607230904,0.2923390083288404,0.7067586244011494,0.34896390196566374,1.417598016916472,0.36162689304076573
transfer,43009,tuned_fixed,3,50676,5000,1.3410995212112835,0.6486,0.8822,0.08547337982207202,0.24099187562195484,0.16227148179474643,0.4032633574167013,0.3954904626543081,1.48511240449739,0.41658216446296503,0.3231748204197326,0.7397569848826977,0.2538896054649842,1.289029494601166,0.32469003405964614
transfer,43009,tuned_fixed,4,63345,5000,1.1545601973394959,0.7076,0.9054,0.07530199903355235,0.2522174918957038,0.16370408603969855,0.4159215779354024,0.4322291900233679,1.5406881850606688,0.42677418163875636,0.33668803476209735,0.7634622164008535,0.237097609026915,1.2675648375074449,0.33466339952514146
transfer,43009,tuned_fixed,5,76014,5000,1.0642820948684246,0.7414,0.915,0.07755694904669018,0.26149311774810896,0.16309130413845857,0.42458442188656753,0.47209546539383873,1.6033504409019284,0.43860114301946135,0.33805896861418805,0.7766601116336493,0.26036942033605837,1.297409287522053,0.36623244286494855
transfer,43009,tuned_schedule,1,25338,5000,1.9901979676859467,0.4744,0.7786,0.027056461750663032,0.22637272860978347,0.1406009171676083,0.3669736457773917,0.4762546849868716,1.6100330149832063,0.4055973776208648,0.2461032008838916,0.6517005785047565,0.4996084252442591,1.6480757994546391,0.48793155511556535
transfer,43009,tuned_schedule,2,38007,5000,1.6215614211913705,0.5842,0.8422,0.05980895306791473,0.23620058951087458,0.1537204518058881,0.38992104131676264,0.42954342311841964,1.5365558075078447,0.4395443863866604,0.2779403097357471,0.7174846961224075,0.4583310046784276,1.5814323779525916,0.4439372138984236
transfer,43009,tuned_schedule,3,50676,5000,1.363267994750106,0.6446,0.8804,0.08612478498515308,0.2515219554722371,0.15619672405668558,0.40771867952892266,0.4764115930184454,1.610285661915004,0.47039915842931634,0.28856916920488507,0.7589683276342014,0.4886454561924497,1.6301066729296327,0.48252852460544754
transfer,43009,tuned_schedule,4,63345,5000,1.1933649185019726,0.7002,0.9004,0.08320865383536762,0.26929452592145137,0.14896736737108812,0.4182618932925395,0.592075402061782,1.8077363045177364,0.5068320623594045,0.2791404847819289,0.7859725471413334,0.5964629166117884,1.8156851990500555,0.5942691593367853
transfer,43009,tuned_schedule,5,76014,5000,1.0962233789065903,0.7294,0.9148,0.08580665578641503,0.2893882850403514,0.1359608540768729,0.42534913911722433,0.7553984271083443,2.1284593903576114,0.5393439804861317,0.25061682872650526,0.789960809212637,0.766426220088313,2.1520615002802104,0.7609123235983286
transfer,43010,entropy,1,25338,5000,2.045287378706453,0.4668,0.7594,0.05500812671550376,0.2828526504076842,0.09516891002471248,0.3780215604323967,1.089265806846188,2.9720911823310163,0.5049125911477721,0.18341631432191105,0.6883289054696831,1.0126233452047047,2.7528131300713037,1.0509445760254463
transfer,43010,entropy,2,38007,5000,1.7140467050230899,0.5608,0.832,0.0855520695496304,0.2999780425761606,0.09769101863331385,0.3976690612094745,1.1218927510214147,3.0706607026120456,0.5765367810592336,0.18448618696068028,0.7610229680199138,1.139460859088865,3.1250830507926333,1.13067680505514
transfer,43010,entropy,3,50676,5000,1.5050233998563052,0.6258,0.8716,0.10414610932199883,0.3214965517180213,0.10115344189759379,0.42264999361561506,1.1563414518487733,3.178284074203061,0.598942476577037,0.18647456027027298,0.7854170368473101,1.166867044316802,3.2119140744714403,1.1616042480827877
transfer,43010,entropy,4,63345,5000,1.347104951728101,0.6686,0.8908,0.10831129808895851,0.3324854915506733,0.10168974215046098,0.43417523370113437,1.1846629644133195,3.2695846693569055,0.6039337002462695,0.18742897353930477,0.7913626737855741,1.1700607787207522,3.222188473070569,1.1773618715670358
transfer,43010,entropy,5,76014,5000,1.2167997020738364,0.7134,0.9026,0.09280360489022169,0.33792983270922117,0.10256964320787834,0.44049947591709954,1.1922894743711596,3.294615517076772,0.6025684037721963,0.1914794997338179,0.7940479035060143,1.1464168773439622,3.1468969665832502,1.169353175857561
transfer,43010,lite,1,25338,5000,2.01841902040851,0.4618,0.7608,0.049859643715862476,0.25137460623595576,0.12984120389439274,0.3812158101303485,0.6606283627824383,1.9360084679432297,0.4099630086946464,0.23486078254796944,0.6448237912426159,0.5570721904333046,1.7455543607266677,0.6088502766078714
transfer,43010,lite,2,38007,5000,1.6412306626302735,0.561,0.8366,0.07347590154382555,0.2579534862778732,0.14420543680288544,0.4021589230807586,0.5815372977065114,1.7887862150735263,0.4396811834548161,0.2788794012412227,0.7185605846960388,0.4552691350604714,1.5765976436418887,0.5184032163834914
transfer,43010,lite,3,50676,5000,1.3837594583266182,0.6478,0.8806,0.08259349359176112,0.2701031994234211,0.14734015398510417,0.4174433534085253,0.6060571349917065,1.8331891132787512,0.4515856834105613,0.3021513844989906,0.7537370679095519,0.40183586971578555,1.4945660090002366,0.503946502353746
transfer,43010,lite,4,63345,5000,1.2131029934073823,0.6984,0.9006,0.08062098876771658,0.28066130912978315,0.14755464429525034,0.42821595342503355,0.6429468456893241,1.9020777583282011,0.45549927778531035,0.3149268323544483,0.7704261101397587,0.3690528176061175,1.4463639951411127,0.5059998316477208
transfer,43010,lite,5,76014,5000,1.1201905480171725,0.7264,0.9112,0.08457195098598988,0.2882966973080504,0.144452398264246,0.4327490955722964,0.6910366652987618,1.9957834206203486,0.46574767247878146,0.3164997610132705,0.7822474334920518,0.38632051314388227,1.4715562483568663,0.5386785892213221
transfer,43010,tuned_fixed,1,25338,5000,2.0206362737591057,0.4604,0.7646,0.048231557426595593,0.2406816497143571,0.13801021982896428,0.3786918695433214,0.5561442746143443,1.7439353844754966,0.3950817046044973,0.24119491916779326,0.6362766237722906,0.4934855758932718,1.638015709252731,0.5248149252538081
transfer,43010,tuned_fixed,2,38007,5000,1.621857549067636,0.5716,0.8428,0.06433489827832287,0.2458568643230215,0.15281312696645272,0.39866999128947417,0.47553125521641704,1.6088686903730747,0.40696941974072953,0.29365013471421797,0.7006195544549476,0.3263480578982212,1.3858976575615627,0.4009396565573191
transfer,43010,tuned_fixed,3,50676,5000,1.3739206494661382,0.6458,0.8826,0.08178124889819918,0.2558565732903067,0.15759346947840083,0.41345004276870745,0.48459585065641475,1.6235187322063565,0.4091087996323212,0.323058482776835,0.7321672824091564,0.23614711530130494,1.266360597484546,0.36037148297885985
transfer,43010,tuned_fixed,4,63345,5000,1.2182171622981188,0.689,0.8992,0.08936242797359427,0.2655110795888415,0.1581405883512279,0.4236516679400694,0.5181695766082683,1.6789516429994797,0.419501298563116,0.33236960797364523,0.7518709065367613,0.23281836977817738,1.2621522135205763,0.37549397319322286
transfer,43010,tuned_fixed,5,76014,5000,1.1230674532326284,0.7254,0.9128,0.08671638602716639,0.2753635837214411,0.1573194648142941,0.43268304853573514,0.5598110764733741,1.750341788313999,0.4323660148985441,0.3336882252229083,0.7660542401214525,0.2590647026644458,1.2957176384994684,0.40943788956891
transfer,43010,tuned_schedule,1,25338,5000,2.0199324719356495,0.4592,0.763,0.049863110538063464,0.24206944103852257,0.13712161006704532,0.37919105110556783,0.5683532728934242,1.7653575943468665,0.4033674582757071,0.23749039542705633,0.6408578537027634,0.5297190397272746,1.6984550431832321,0.5490361563103494
transfer,43010,tuned_schedule,2,38007,5000,1.6357086456552024,0.5688,0.8382,0.06371299872237382,0.24868980350574846,0.15028545314986133,0.39897525665560973,0.5036672112349951,1.6547785797949541,0.4501932194580661,0.2714577512953704,0.7216509707534366,0.5058688895469727,1.658425883526651,0.5047680503909839
transfer,43010,tuned_schedule,3,50676,5000,1.384211703666468,0.6474,0.876,0.08259352657240712,0.2660947696161244,0.1511701966521155,0.4172649662682399,0.5654433328693287,1.760227976685799,0.48519825906943154,0.2771915918196489,0.7623898508890805,0.5598471080852654,1.7504048570862203,0.562645220477297
transfer,43010,tuned_schedule,4,63345,5000,1.2455915262157955,0.6902,0.8988,0.0909008716589861,0.2813074090862239,0.1452675091179637,0.4265749182041877,0.6608677917106596,1.9364720598721814,0.5148867539041839,0.2671827238616584,0.7820694777658423,0.6560123972085148,1.927092513205561,0.6584400944595872
transfer,43010,tuned_schedule,5,76014,5000,1.1560756364754046,0.7228,0.9066,0.08992567504072368,0.3021785730612627,0.1319491400346638,0.43412771309592657,0.8285973292289408,2.2901042240794824,0.5450597932309085,0.24345170320333043,0.7885114964342389,0.8059746493568528,2.2388775563345322,0.8172859892928968
