stage,seed,method,phase,steps,mean_ce,last_epoch_ce,mean_reg,grad_clipped_fraction,layer3_lambda_mean,layer3_lambda_min,layer3_lambda_max,layer3_lambda_last,layer3_lambda_below_001,layer3_lambda_above_009,layer3_target_satisfied_fraction,layer3_floor_active_fraction,layer4_lambda_mean,layer4_lambda_min,layer4_lambda_max,layer4_lambda_last,layer4_lambda_below_001,layer4_lambda_above_009,layer4_target_satisfied_fraction,layer4_floor_active_fraction
tuning,41001,fixed_0p003,1,3880,3.071325591513791,2.485029331187612,0.003280432693484436,0.24922680412371134,0.003,0.003,0.003,0.003,0.0,0.0,0.0002577319587628866,0.0,0.003,0.003,0.003,0.003,0.0,0.0,0.0,0.0010309278350515464
tuning,41001,fixed_0p003,2,5840,2.5776003240926624,1.9515316225078008,0.0036816857888942187,0.2054794520547945,0.002999999999999999,0.003,0.003,0.003,0.0,0.0,0.0,0.0,0.002999999999999999,0.003,0.003,0.003,0.0,0.0,0.0,0.0
tuning,41001,fixed_0p003,3,7820,2.0784271997792643,1.4502861519603778,0.003961853359666917,0.15767263427109973,0.003,0.003,0.003,0.003,0.0,0.0,0.0,0.0,0.003,0.003,0.003,0.003,0.0,0.0,0.0,0.0
tuning,41001,fixed_0p003,4,9800,1.659299982056326,1.1087360837021651,0.004088525195743851,0.08377551020408164,0.003,0.003,0.003,0.003,0.0,0.0,0.0,0.0,0.003,0.003,0.003,0.003,0.0,0.0,0.0,0.0
tuning,41001,fixed_0p003,5,11780,1.3235212673988124,0.8563424906423015,0.00404283508880962,0.04032258064516129,0.002999999999999999,0.003,0.003,0.003,0.0,0.0,0.0,0.0,0.002999999999999999,0.003,0.003,0.003,0.0,0.0,0.0,0.0
tuning,41001,fixed_0p010,1,3880,3.0726113017379624,2.487354225104617,0.010443272552880238,0.2569587628865979,0.009999999999999998,0.01,0.01,0.01,0.0,0.0,0.001288659793814433,0.0,0.009999999999999998,0.01,0.01,0.01,0.0,0.0,0.0,0.0007731958762886598
tuning,41001,fixed_0p010,2,5840,2.575823776342281,1.9468222060432172,0.011491343003860356,0.20993150684931508,0.009999999999999998,0.01,0.01,0.01,0.0,0.0,0.0,0.0,0.009999999999999998,0.01,0.01,0.01,0.0,0.0,0.0,0.0
tuning,41001,fixed_0p010,3,7820,2.07780452173994,1.46579899766561,0.012279532276286894,0.15498721227621484,0.009999999999999998,0.01,0.01,0.01,0.0,0.0,0.0,0.0,0.009999999999999998,0.01,0.01,0.01,0.0,0.0,0.0,0.0
tuning,41001,fixed_0p010,4,9800,1.6550505362238204,1.1022262166957466,0.01266046215328673,0.09081632653061225,0.01,0.01,0.01,0.01,0.0,0.0,0.0,0.0,0.01,0.01,0.01,0.01,0.0,0.0,0.0,0.0
tuning,41001,fixed_0p010,5,11780,1.324765167487801,0.8537985613167994,0.012411130506091503,0.038794567062818336,0.009999999999999998,0.01,0.01,0.01,0.0,0.0,0.0,0.0,0.009999999999999998,0.01,0.01,0.01,0.0,0.0,0.0,0.0
tuning,41001,fixed_0p030,1,3880,3.0826970088727697,2.5011499837501763,0.02704103525773593,0.25902061855670105,0.030000000000000013,0.03,0.03,0.03,0.0,0.0,0.02190721649484536,0.0,0.030000000000000013,0.03,0.03,0.03,0.0,0.0,0.0,0.001288659793814433
tuning,41001,fixed_0p030,2,5840,2.5973474669742256,1.9871441105457202,0.027559223246349226,0.20154109589041097,0.03000000000000001,0.03,0.03,0.03,0.0,0.0,0.025684931506849314,0.0,0.03000000000000001,0.03,0.03,0.03,0.0,0.0,0.0,0.0
tuning,41001,fixed_0p030,3,7820,2.1119908319867178,1.504243244295535,0.0283169927600714,0.15089514066496162,0.03000000000000001,0.03,0.03,0.03,0.0,0.0,0.03721227621483376,0.0,0.03000000000000001,0.03,0.03,0.03,0.0,0.0,0.0,0.0
tuning,41001,fixed_0p030,4,9800,1.6895337734599503,1.1409592915554436,0.02843933507106362,0.08418367346938775,0.03,0.03,0.03,0.03,0.0,0.0,0.045714285714285714,0.0,0.03,0.03,0.03,0.03,0.0,0.0,0.0,0.0
tuning,41001,fixed_0p030,5,11780,1.3508268890918211,0.8844984625110399,0.02760547889445565,0.037436332767402374,0.03000000000000001,0.03,0.03,0.03,0.0,0.0,0.0636672325976231,0.0,0.03000000000000001,0.03,0.03,0.03,0.0,0.0,0.0,0.0
tuning,41001,fixed_0p100,1,3880,3.117483276067321,2.5440193930852044,0.05996197299688536,0.30077319587628865,0.10000000000000002,0.1,0.1,0.1,0.0,1.0,0.2927835051546392,0.0,0.10000000000000002,0.1,0.1,0.1,0.0,1.0,0.0002577319587628866,0.001288659793814433
tuning,41001,fixed_0p100,2,5840,2.6555200483701,2.063654359889357,0.05082202394331714,0.2534246575342466,0.1,0.1,0.1,0.1,0.0,1.0,0.38202054794520546,0.0,0.1,0.1,0.1,0.1,0.0,1.0,0.0015410958904109589,0.0
tuning,41001,fixed_0p100,3,7820,2.1863078920737555,1.5943628735554494,0.039311152934258194,0.20179028132992327,0.10000000000000003,0.1,0.1,0.1,0.0,1.0,0.44271099744245523,0.0,0.10000000000000003,0.1,0.1,0.1,0.0,1.0,0.031457800511508954,0.0
tuning,41001,fixed_0p100,4,9800,1.7762667994961447,1.2355244146317852,0.031152731588310684,0.11714285714285715,0.1,0.1,0.1,0.1,0.0,1.0,0.47459183673469385,0.0,0.1,0.1,0.1,0.1,0.0,1.0,0.08948979591836735,0.0
tuning,41001,fixed_0p100,5,11780,1.430526048319449,0.9586932716831085,0.02302469191464186,0.043208828522920205,0.1,0.1,0.1,0.1,0.0,1.0,0.5075551782682513,0.0,0.1,0.1,0.1,0.1,0.0,1.0,0.14821731748726655,0.0
tuning,41001,linear_down_0p03,1,3880,3.0805634056477205,2.4979704139158896,0.026021906444994906,0.2615979381443299,0.028550455379166402,0.02708588957055215,0.03,0.02708588957055215,0.0,0.0,0.01804123711340206,0.0,0.028550455379166402,0.02708588957055215,0.03,0.02708588957055215,0.0,0.0,0.0,0.0007731958762886598
tuning,41001,linear_down_0p03,2,5840,2.5950269678480002,1.9637521415540617,0.023928069424088278,0.20308219178082193,0.024823462055634928,0.022576687116564416,0.02702453987730061,0.022576687116564416,0.0,0.0,0.011815068493150685,0.0,0.024823462055634928,0.022576687116564416,0.02702453987730061,0.022576687116564416,0.0,0.0,0.0,0.0
tuning,41001,linear_down_0p03,3,7820,2.09894710401135,1.4881354094771169,0.020080550226485333,0.15153452685421995,0.019585811118258988,0.01656441717791411,0.02254601226993865,0.01656441717791411,0.0,0.0,0.0067774936061381075,0.0,0.019585811118258988,0.01656441717791411,0.02254601226993865,0.01656441717791411,0.0,0.0,0.0,0.0
tuning,41001,linear_down_0p03,4,9800,1.6808883582937475,1.1228660904631322,0.014149019230128627,0.08683673469387755,0.012829754601226994,0.009110429447852762,0.016549079754601227,0.009110429447852762,0.0,0.0,0.0016326530612244899,0.0,0.012829754601226994,0.009110429447852762,0.016549079754601227,0.009110429447852762,0.0,0.0,0.0,0.0
tuning,41001,linear_down_0p03,5,11780,1.3330222666643066,0.8600688701169803,0.005230564201506294,0.039558573853989816,0.004555162644390514,6.134969325153228e-05,0.009033742331288343,6.134969325153228e-05,0.10865874363327674,0.0,0.0,0.0,0.004555162644390514,6.134969325153228e-05,0.009033742331288343,6.134969325153228e-05,0.10865874363327674,0.0,0.0,0.0
tuning,41001,linear_down_0p10,1,3880,3.116234046743088,2.54282299267877,0.058596684320244286,0.30695876288659796,0.09516818459722134,0.09028629856850717,0.1,0.09028629856850717,0.0,1.0,0.2847938144329897,0.0,0.09516818459722134,0.09028629856850717,0.1,0.09028629856850717,0.0,1.0,0.0,0.0015463917525773195
tuning,41001,linear_down_0p10,2,5840,2.6457220800323027,2.042163904399088,0.04848878013172621,0.2261986301369863,0.0827448735187831,0.0752556237218814,0.09008179959100204,0.0752556237218814,0.0,0.017123287671232876,0.32517123287671235,0.0,0.0827448735187831,0.0752556237218814,0.09008179959100204,0.0752556237218814,0.0,0.017123287671232876,0.0,0.0
tuning,41001,linear_down_0p10,3,7820,2.162664877712879,1.564414325120199,0.04027067737849167,0.13951406649616369,0.06528603706086329,0.05521472392638036,0.07515337423312884,0.05521472392638036,0.0,0.0,0.3062659846547315,0.0,0.06528603706086329,0.05521472392638036,0.07515337423312884,0.05521472392638036,0.0,0.0,0.0,0.0
tuning,41001,linear_down_0p10,4,9800,1.7405596405146073,1.1948138289305628,0.030020874465188505,0.06959183673469388,0.04276584867075665,0.030368098159509208,0.055163599182004086,0.030368098159509208,0.0,0.0,0.2253061224489796,0.0,0.04276584867075665,0.030368098159509208,0.055163599182004086,0.030368098159509208,0.0,0.0,0.0,0.0
tuning,41001,linear_down_0p10,5,11780,1.3800175682545113,0.917552262848221,0.012129163844119073,0.03404074702886248,0.015183875481301711,0.0002044989775051076,0.030112474437627813,0.0002044989775051076,0.03225806451612903,0.0,0.06426146010186758,0.0,0.015183875481301711,0.0002044989775051076,0.030112474437627813,0.0002044989775051076,0.03225806451612903,0.0,0.0,0.0
tuning,41001,linear_up_0p03,1,3880,3.0692073305857552,2.48188820942161,0.001544490095654238,0.24793814432989691,0.0014495446208335966,0.0,0.0029141104294478524,0.0029141104294478524,0.36082474226804123,0.0,0.0002577319587628866,0.0,0.0014495446208335966,0.0,0.0029141104294478524,0.0029141104294478524,0.36082474226804123,0.0,0.0,0.0007731958762886598
tuning,41001,linear_up_0p03,2,5840,2.574668108212621,1.9473694215898645,0.0063246864624949784,0.2095890410958904,0.005176537944365072,0.0029754601226993868,0.007423312883435583,0.007423312883435583,0.0,0.0,0.0,0.0,0.005176537944365072,0.0029754601226993868,0.007423312883435583,0.007423312883435583,0.0,0.0,0.0,0.0
tuning,41001,linear_up_0p03,3,7820,2.0724564928532865,1.4572458872404854,0.01324190197148077,0.16828644501278772,0.010414188881741013,0.0074539877300613495,0.01343558282208589,0.01343558282208589,0.0,0.0,0.0,0.0,0.010414188881741013,0.0074539877300613495,0.01343558282208589,0.01343558282208589,0.0,0.0,0.0,0.0
tuning,41001,linear_up_0p03,4,9800,1.6657595540856829,1.1047706387480911,0.021430987109886293,0.09275510204081633,0.017170245398773005,0.013450920245398772,0.020889570552147237,0.020889570552147237,0.0,0.0,0.0,0.0,0.017170245398773005,0.013450920245398772,0.020889570552147237,0.020889570552147237,0.0,0.0,0.0,0.0
tuning,41001,linear_up_0p03,5,11780,1.3290391704703228,0.8698649354822972,0.028583799004602183,0.03921901528013582,0.025444837355609484,0.020966257668711654,0.029938650306748468,0.029938650306748468,0.0,0.0,0.0011035653650254668,0.0,0.025444837355609484,0.020966257668711654,0.029938650306748468,0.029938650306748468,0.0,0.0,0.0,0.0
tuning,41001,linear_up_0p10,1,3880,3.0719957136923504,2.484028598082434,0.005053837754200789,0.2520618556701031,0.0048318154027786565,0.0,0.009713701431492843,0.009713701431492843,0.10309278350515463,0.0,0.0002577319587628866,0.0,0.0048318154027786565,0.0,0.009713701431492843,0.009713701431492843,0.10309278350515463,0.0,0.0,0.0007731958762886598
tuning,41001,linear_up_0p10,2,5840,2.57220787112027,1.9550719306077042,0.019388936438329823,0.20993150684931508,0.01725512648121691,0.009918200408997956,0.02474437627811861,0.02474437627811861,0.0,0.0,0.0,0.0,0.01725512648121691,0.009918200408997956,0.02474437627811861,0.02474437627811861,0.0,0.0,0.0,0.0
tuning,41001,linear_up_0p10,3,7820,2.083929693965656,1.472325964656937,0.03574441346611418,0.1571611253196931,0.03471396293913672,0.024846625766871168,0.04478527607361964,0.04478527607361964,0.0,0.0,0.013171355498721228,0.0,0.03471396293913672,0.024846625766871168,0.04478527607361964,0.04478527607361964,0.0,0.0,0.0,0.0
tuning,41001,linear_up_0p10,4,9800,1.6861134618094988,1.1386801821844919,0.05065604419865626,0.09214285714285714,0.057234151329243366,0.04483640081799591,0.0696319018404908,0.0696319018404908,0.0,0.0,0.13306122448979593,0.0,0.057234151329243366,0.04483640081799591,0.0696319018404908,0.0696319018404908,0.0,0.0,0.0,0.0
tuning,41001,linear_up_0p10,5,11780,1.3570858228869471,0.8937541327371257,0.0475730451504126,0.09405772495755518,0.0848161245186983,0.0698875255623722,0.0997955010224949,0.0997955010224949,0.0,0.3293718166383701,0.3368421052631579,0.0,0.0848161245186983,0.0698875255623722,0.0997955010224949,0.0997955010224949,0.0,0.3293718166383701,0.04507640067911715,0.0
tuning,41002,fixed_0p003,1,3880,3.1199572766871797,2.521211053907257,0.0031105275855600094,0.21391752577319587,0.003,0.003,0.003,0.003,0.0,0.0,0.0002577319587628866,0.0,0.003,0.003,0.003,0.003,0.0,0.0,0.0,0.0
tuning,41002,fixed_0p003,2,5840,2.594006467437091,1.946897523043907,0.0034085908179468005,0.2,0.002999999999999999,0.003,0.003,0.003,0.0,0.0,0.0,0.0,0.002999999999999999,0.003,0.003,0.003,0.0,0.0,0.0,0.0
tuning,41002,fixed_0p003,3,7820,2.1001443890049636,1.4772004936357288,0.003695455111224976,0.16061381074168798,0.003,0.003,0.003,0.003,0.0,0.0,0.0,0.0,0.003,0.003,0.003,0.003,0.0,0.0,0.0,0.0
tuning,41002,fixed_0p003,4,9800,1.6835874102736006,1.1276645426847496,0.003804729817736875,0.0910204081632653,0.003,0.003,0.003,0.003,0.0,0.0,0.0,0.0,0.003,0.003,0.003,0.003,0.0,0.0,0.0,0.0
tuning,41002,fixed_0p003,5,11780,1.3610003606496925,0.8859220656150468,0.00377037362387271,0.049830220713073005,0.002999999999999999,0.003,0.003,0.003,0.0,0.0,0.0,0.0,0.002999999999999999,0.003,0.003,0.003,0.0,0.0,0.0,0.0
tuning,41002,fixed_0p010,1,3880,3.125050857448086,2.5254881830559563,0.009859408358305203,0.2193298969072165,0.009999999999999998,0.01,0.01,0.01,0.0,0.0,0.0005154639175257732,0.0,0.009999999999999998,0.01,0.01,0.01,0.0,0.0,0.0,0.0
tuning,41002,fixed_0p010,2,5840,2.604940690590094,1.9500653172192508,0.010694883150775752,0.1969178082191781,0.009999999999999998,0.01,0.01,0.01,0.0,0.0,0.00017123287671232877,0.0,0.009999999999999998,0.01,0.01,0.01,0.0,0.0,0.0,0.0
tuning,41002,fixed_0p010,3,7820,2.1030300750833035,1.484023092500389,0.011445400958983203,0.1534526854219949,0.009999999999999998,0.01,0.01,0.01,0.0,0.0,0.0001278772378516624,0.0,0.009999999999999998,0.01,0.01,0.01,0.0,0.0,0.0,0.0
tuning,41002,fixed_0p010,4,9800,1.69281480357355,1.1403488682240857,0.011771897889664207,0.0946938775510204,0.01,0.01,0.01,0.01,0.0,0.0,0.0,0.0,0.01,0.01,0.01,0.01,0.0,0.0,0.0,0.0
tuning,41002,fixed_0p010,5,11780,1.3610024147330197,0.8906171188289727,0.011472903213468466,0.047453310696095076,0.009999999999999998,0.01,0.01,0.01,0.0,0.0,0.0,0.0,0.009999999999999998,0.01,0.01,0.01,0.0,0.0,0.0,0.0
tuning,41002,fixed_0p030,1,3880,3.1308118498202453,2.533843755722046,0.025287471552794684,0.22654639175257732,0.030000000000000013,0.03,0.03,0.03,0.0,0.0,0.01958762886597938,0.0,0.030000000000000013,0.03,0.03,0.03,0.0,0.0,0.0,0.0002577319587628866
tuning,41002,fixed_0p030,2,5840,2.6129966501095523,1.965271829334024,0.025136057653604712,0.20205479452054795,0.03000000000000001,0.03,0.03,0.03,0.0,0.0,0.03321917808219178,0.0,0.03000000000000001,0.03,0.03,0.03,0.0,0.0,0.0,0.0
tuning,41002,fixed_0p030,3,7820,2.126984013719937,1.5218701597369846,0.026303621263140835,0.14731457800511508,0.03000000000000001,0.03,0.03,0.03,0.0,0.0,0.03721227621483376,0.0,0.03000000000000001,0.03,0.03,0.03,0.0,0.0,0.0,0.0
tuning,41002,fixed_0p030,4,9800,1.7205029357270318,1.1708552881162995,0.02657789379405808,0.09010204081632653,0.03,0.03,0.03,0.03,0.0,0.0,0.04306122448979592,0.0,0.03,0.03,0.03,0.03,0.0,0.0,0.0,0.0
tuning,41002,fixed_0p030,5,11780,1.3835699718072378,0.9177473825995505,0.025486442213957097,0.043208828522920205,0.03000000000000001,0.03,0.03,0.03,0.0,0.0,0.061629881154499154,0.0,0.03000000000000001,0.03,0.03,0.03,0.0,0.0,0.0,0.0
tuning,41002,fixed_0p100,1,3880,3.1679532267690935,2.578277374665762,0.054045254573701615,0.2579896907216495,0.10000000000000002,0.1,0.1,0.1,0.0,1.0,0.3020618556701031,0.0,0.10000000000000002,0.1,0.1,0.1,0.0,1.0,0.0002577319587628866,0.0
tuning,41002,fixed_0p100,2,5840,2.67680253598788,2.0794097744438744,0.04401137311041693,0.23767123287671232,0.1,0.1,0.1,0.1,0.0,1.0,0.3988013698630137,0.0,0.1,0.1,0.1,0.1,0.0,1.0,0.005136986301369863,0.0
tuning,41002,fixed_0p100,3,7820,2.2141005432209395,1.615217327156945,0.03563700369594673,0.1887468030690537,0.10000000000000003,0.1,0.1,0.1,0.0,1.0,0.4398976982097187,0.0,0.10000000000000003,0.1,0.1,0.1,0.0,1.0,0.040664961636828645,0.0
tuning,41002,fixed_0p100,4,9800,1.813201537983758,1.274441642055706,0.028070639117708473,0.11040816326530613,0.1,0.1,0.1,0.1,0.0,1.0,0.46938775510204084,0.0,0.1,0.1,0.1,0.1,0.0,1.0,0.08683673469387755,0.0
tuning,41002,fixed_0p100,5,11780,1.4633174138380838,0.985138274311817,0.020874764212141756,0.04923599320882852,0.1,0.1,0.1,0.1,0.0,1.0,0.5070458404074702,0.0,0.1,0.1,0.1,0.1,0.0,1.0,0.14235993208828523,0.0
tuning,41002,linear_down_0p03,1,3880,3.1346373870200717,2.538124989602984,0.024355734977931188,0.22010309278350515,0.028550455379166402,0.02708588957055215,0.03,0.02708588957055215,0.0,0.0,0.01752577319587629,0.0,0.028550455379166402,0.02708588957055215,0.03,0.02708588957055215,0.0,0.0,0.0,0.0
tuning,41002,linear_down_0p03,2,5840,2.6138152505028738,1.970016308435022,0.021668395528582577,0.1934931506849315,0.024823462055634928,0.022576687116564416,0.02702453987730061,0.022576687116564416,0.0,0.0,0.019691780821917807,0.0,0.024823462055634928,0.022576687116564416,0.02702453987730061,0.022576687116564416,0.0,0.0,0.0,0.0
tuning,41002,linear_down_0p03,3,7820,2.119546844892185,1.509869150493456,0.018564771548987787,0.15242966751918158,0.019585811118258988,0.01656441717791411,0.02254601226993865,0.01656441717791411,0.0,0.0,0.00959079283887468,0.0,0.019585811118258988,0.01656441717791411,0.02254601226993865,0.01656441717791411,0.0,0.0,0.0,0.0
tuning,41002,linear_down_0p03,4,9800,1.7041526551027688,1.1514607782266577,0.013074972512038919,0.09020408163265306,0.012829754601226994,0.009110429447852762,0.016549079754601227,0.009110429447852762,0.0,0.0,0.0027551020408163266,0.0,0.012829754601226994,0.009110429447852762,0.016549079754601227,0.009110429447852762,0.0,0.0,0.0,0.0
tuning,41002,linear_down_0p03,5,11780,1.3736100946930956,0.9037512472003749,0.004793524115909561,0.043378607809847196,0.004555162644390514,6.134969325153228e-05,0.009033742331288343,6.134969325153228e-05,0.10865874363327674,0.0,0.0005093378607809847,0.0,0.004555162644390514,6.134969325153228e-05,0.009033742331288343,6.134969325153228e-05,0.10865874363327674,0.0,0.0,0.0
tuning,41002,linear_down_0p10,1,3880,3.1661899603519243,2.5757977710556736,0.053039873788087055,0.2536082474226804,0.09516818459722134,0.09028629856850717,0.1,0.09028629856850717,0.0,1.0,0.29175257731958765,0.0,0.09516818459722134,0.09028629856850717,0.1,0.09028629856850717,0.0,1.0,0.0002577319587628866,0.0
tuning,41002,linear_down_0p10,2,5840,2.6683964091416907,2.0529523238743823,0.04229686504597887,0.20667808219178083,0.0827448735187831,0.0752556237218814,0.09008179959100204,0.0752556237218814,0.0,0.017123287671232876,0.3476027397260274,0.0,0.0827448735187831,0.0752556237218814,0.09008179959100204,0.0752556237218814,0.0,0.017123287671232876,0.00017123287671232877,0.0
tuning,41002,linear_down_0p10,3,7820,2.193730355757277,1.5958655563461812,0.036416904825066355,0.13120204603580563,0.06528603706086329,0.05521472392638036,0.07515337423312884,0.05521472392638036,0.0,0.0,0.32327365728900254,0.0,0.06528603706086329,0.05521472392638036,0.07515337423312884,0.05521472392638036,0.0,0.0,0.0,0.0
tuning,41002,linear_down_0p10,4,9800,1.7773237305393024,1.2346290902215606,0.027082674160685237,0.0789795918367347,0.04276584867075665,0.030368098159509208,0.055163599182004086,0.030368098159509208,0.0,0.0,0.22785714285714287,0.0,0.04276584867075665,0.030368098159509208,0.055163599182004086,0.030368098159509208,0.0,0.0,0.0,0.0
tuning,41002,linear_down_0p10,5,11780,1.422204927877477,0.9464385959814684,0.010972396214536473,0.036247877758913416,0.015183875481301711,0.0002044989775051076,0.030112474437627813,0.0002044989775051076,0.03225806451612903,0.0,0.07156196943972835,0.0,0.015183875481301711,0.0002044989775051076,0.030112474437627813,0.0002044989775051076,0.03225806451612903,0.0,0.0,0.0
tuning,41002,linear_up_0p03,1,3880,3.120825869582363,2.520745184618173,0.0014709481955242623,0.21443298969072164,0.0014495446208335966,0.0,0.0029141104294478524,0.0029141104294478524,0.36082474226804123,0.0,0.0,0.0,0.0014495446208335966,0.0,0.0029141104294478524,0.0029141104294478524,0.36082474226804123,0.0,0.0,0.0
tuning,41002,linear_up_0p03,2,5840,2.597195052998523,1.9512326117247751,0.0058691930477722705,0.20205479452054795,0.005176537944365072,0.0029754601226993868,0.007423312883435583,0.007423312883435583,0.0,0.0,0.0,0.0,0.005176537944365072,0.0029754601226993868,0.007423312883435583,0.007423312883435583,0.0,0.0,0.0,0.0
tuning,41002,linear_up_0p03,3,7820,2.097077683064029,1.4801183940504519,0.012326451960910598,0.16291560102301791,0.010414188881741013,0.0074539877300613495,0.01343558282208589,0.01343558282208589,0.0,0.0,0.0,0.0,0.010414188881741013,0.0074539877300613495,0.01343558282208589,0.01343558282208589,0.0,0.0,0.0,0.0
tuning,41002,linear_up_0p03,4,9800,1.6920916869567364,1.1333030217764328,0.020036153090756615,0.10326530612244898,0.017170245398773005,0.013450920245398772,0.020889570552147237,0.020889570552147237,0.0,0.0,0.0,0.0,0.017170245398773005,0.013450920245398772,0.020889570552147237,0.020889570552147237,0.0,0.0,0.0,0.0
tuning,41002,linear_up_0p03,5,11780,1.3638655916893623,0.8846197794673804,0.026425708985313493,0.04694397283531409,0.025444837355609484,0.020966257668711654,0.029938650306748468,0.029938650306748468,0.0,0.0,0.0012733446519524619,0.0,0.025444837355609484,0.020966257668711654,0.029938650306748468,0.029938650306748468,0.0,0.0,0.0,0.0
tuning,41002,linear_up_0p10,1,3880,3.122420717238151,2.5228010262410665,0.004822094118088026,0.2172680412371134,0.0048318154027786565,0.0,0.009713701431492843,0.009713701431492843,0.10309278350515463,0.0,0.0002577319587628866,0.0,0.0048318154027786565,0.0,0.009713701431492843,0.009713701431492843,0.10309278350515463,0.0,0.0,0.0
tuning,41002,linear_up_0p10,2,5840,2.5995301121514136,1.9552252031352422,0.01785108431765478,0.21215753424657535,0.01725512648121691,0.009918200408997956,0.02474437627811861,0.02474437627811861,0.0,0.0,0.00017123287671232877,0.0,0.01725512648121691,0.009918200408997956,0.02474437627811861,0.02474437627811861,0.0,0.0,0.0,0.0
tuning,41002,linear_up_0p10,3,7820,2.110188221664685,1.4978300921447443,0.03352649004193847,0.15959079283887467,0.03471396293913672,0.024846625766871168,0.04478527607361964,0.04478527607361964,0.0,0.0,0.013427109974424553,0.0,0.03471396293913672,0.024846625766871168,0.04478527607361964,0.04478527607361964,0.0,0.0,0.0,0.0
tuning,41002,linear_up_0p10,4,9800,1.7081551942533377,1.1573784727223067,0.04700920169583845,0.1036734693877551,0.057234151329243366,0.04483640081799591,0.0696319018404908,0.0696319018404908,0.0,0.0,0.1383673469387755,0.0,0.057234151329243366,0.04483640081799591,0.0696319018404908,0.0696319018404908,0.0,0.0,0.0,0.0
tuning,41002,linear_up_0p10,5,11780,1.3882878635072344,0.9245111418094214,0.045610936079636746,0.08115449915110357,0.0848161245186983,0.0698875255623722,0.0997955010224949,0.0997955010224949,0.0,0.3293718166383701,0.3398132427843803,0.0,0.0848161245186983,0.0698875255623722,0.0997955010224949,0.0997955010224949,0.0,0.3293718166383701,0.017572156196943974,0.0
tuning,41003,fixed_0p003,1,3880,3.1168026546842045,2.5469753951141514,0.00258952693741579,0.19329896907216496,0.003,0.003,0.003,0.003,0.0,0.0,0.0023195876288659794,0.0,0.003,0.003,0.003,0.003,0.0,0.0,0.0,0.0005154639175257732
tuning,41003,fixed_0p003,2,5840,2.616290180875014,1.9933450479213506,0.0029871297250294495,0.16575342465753426,0.002999999999999999,0.003,0.003,0.003,0.0,0.0,0.0006849315068493151,0.0,0.002999999999999999,0.003,0.003,0.003,0.0,0.0,0.0,0.0
tuning,41003,fixed_0p003,3,7820,2.117428333558085,1.4933754730102655,0.003232143696962053,0.14207161125319692,0.003,0.003,0.003,0.003,0.0,0.0,0.0,0.0,0.003,0.003,0.003,0.003,0.0,0.0,0.0,0.0
tuning,41003,fixed_0p003,4,9800,1.6995425488389269,1.1403874539599126,0.0033607270366189127,0.09255102040816326,0.003,0.003,0.003,0.003,0.0,0.0,0.00010204081632653062,0.0,0.003,0.003,0.003,0.003,0.0,0.0,0.0,0.0
tuning,41003,fixed_0p003,5,11780,1.3721205159591698,0.8979420298631405,0.003332577259957724,0.046519524617996605,0.002999999999999999,0.003,0.003,0.003,0.0,0.0,0.0,0.0,0.002999999999999999,0.003,0.003,0.003,0.0,0.0,0.0,0.0
tuning,41003,fixed_0p010,1,3880,3.1197592430508014,2.55124872001176,0.008205331892036765,0.19639175257731958,0.009999999999999998,0.01,0.01,0.01,0.0,0.0,0.006443298969072165,0.0,0.009999999999999998,0.01,0.01,0.01,0.0,0.0,0.0,0.0005154639175257732
tuning,41003,fixed_0p010,2,5840,2.6186952021636376,2.0108027058104945,0.009239062735426545,0.16164383561643836,0.009999999999999998,0.01,0.01,0.01,0.0,0.0,0.003595890410958904,0.0,0.009999999999999998,0.01,0.01,0.01,0.0,0.0,0.0,0.0
tuning,41003,fixed_0p010,3,7820,2.1148284464693434,1.498695066517881,0.00993770966970283,0.13887468030690536,0.009999999999999998,0.01,0.01,0.01,0.0,0.0,0.0010230179028132991,0.0,0.009999999999999998,0.01,0.01,0.01,0.0,0.0,0.0,0.0
tuning,41003,fixed_0p010,4,9800,1.704900499199118,1.1393147196088518,0.010311586450718875,0.08418367346938775,0.01,0.01,0.01,0.01,0.0,0.0,0.0003061224489795918,0.0,0.01,0.01,0.01,0.01,0.0,0.0,0.0,0.0
tuning,41003,fixed_0p010,5,11780,1.3724660963250137,0.8937917597629825,0.010166944659446288,0.0466893039049236,0.009999999999999998,0.01,0.01,0.01,0.0,0.0,0.0005093378607809847,0.0,0.009999999999999998,0.01,0.01,0.01,0.0,0.0,0.0,0.0
tuning,41003,fixed_0p030,1,3880,3.126417319983551,2.562538904013093,0.0211598049737057,0.20154639175257733,0.030000000000000013,0.03,0.03,0.03,0.0,0.0,0.045103092783505154,0.0,0.030000000000000013,0.03,0.03,0.03,0.0,0.0,0.0,0.0005154639175257732
tuning,41003,fixed_0p030,2,5840,2.634595561068352,2.031089234842013,0.02237955760681198,0.16335616438356165,0.03000000000000001,0.03,0.03,0.03,0.0,0.0,0.05839041095890411,0.0,0.03000000000000001,0.03,0.03,0.03,0.0,0.0,0.0,0.0
tuning,41003,fixed_0p030,3,7820,2.1437093272386,1.529673781693744,0.02328955448230209,0.13005115089514066,0.03000000000000001,0.03,0.03,0.03,0.0,0.0,0.06445012787723785,0.0,0.03000000000000001,0.03,0.03,0.03,0.0,0.0,0.0,0.0
tuning,41003,fixed_0p030,4,9800,1.7328551944725368,1.1767797516316785,0.02386578802019358,0.08653061224489796,0.03,0.03,0.03,0.03,0.0,0.0,0.07377551020408163,0.0,0.03,0.03,0.03,0.03,0.0,0.0,0.0,0.0
tuning,41003,fixed_0p030,5,11780,1.394453212340538,0.916504845250847,0.02337747573898394,0.042444821731748725,0.03000000000000001,0.03,0.03,0.03,0.0,0.0,0.08361629881154499,0.0,0.03000000000000001,0.03,0.03,0.03,0.0,0.0,0.0,0.0
tuning,41003,fixed_0p100,1,3880,3.1573031137284544,2.601520016021335,0.046340571258503785,0.22835051546391752,0.10000000000000002,0.1,0.1,0.1,0.0,1.0,0.3345360824742268,0.0,0.10000000000000002,0.1,0.1,0.1,0.0,1.0,0.0005154639175257732,0.0005154639175257732
tuning,41003,fixed_0p100,2,5840,2.6879819589526686,2.087837389887196,0.04077441479795385,0.18167808219178083,0.1,0.1,0.1,0.1,0.0,1.0,0.41592465753424657,0.0,0.1,0.1,0.1,0.1,0.0,1.0,0.0013698630136986301,0.0
tuning,41003,fixed_0p100,3,7820,2.2174845870803384,1.6280778085484224,0.03342844258947144,0.16163682864450127,0.10000000000000003,0.1,0.1,0.1,0.0,1.0,0.44475703324808186,0.0,0.10000000000000003,0.1,0.1,0.1,0.0,1.0,0.02442455242966752,0.0
tuning,41003,fixed_0p100,4,9800,1.819027712272138,1.2744744878642413,0.025531015727816162,0.1123469387755102,0.1,0.1,0.1,0.1,0.0,1.0,0.46316326530612245,0.0,0.1,0.1,0.1,0.1,0.0,1.0,0.09571428571428571,0.0
tuning,41003,fixed_0p100,5,11780,1.4712844953674615,0.9939697946473981,0.01888229500649087,0.05237691001697793,0.1,0.1,0.1,0.1,0.0,1.0,0.4897283531409168,0.0,0.1,0.1,0.1,0.1,0.0,1.0,0.1431239388794567,0.0
tuning,41003,linear_down_0p03,1,3880,3.1256882803956256,2.5615771898289315,0.020354154803814157,0.20077319587628867,0.028550455379166402,0.02708588957055215,0.03,0.02708588957055215,0.0,0.0,0.04149484536082474,0.0,0.028550455379166402,0.02708588957055215,0.03,0.02708588957055215,0.0,0.0,0.0,0.0005154639175257732
tuning,41003,linear_down_0p03,2,5840,2.6304408657428335,2.0171063207600213,0.019259297450899132,0.15702054794520548,0.024823462055634928,0.022576687116564416,0.02702453987730061,0.022576687116564416,0.0,0.0,0.040924657534246574,0.0,0.024823462055634928,0.022576687116564416,0.02702453987730061,0.022576687116564416,0.0,0.0,0.0,0.0
tuning,41003,linear_down_0p03,3,7820,2.127846036024411,1.5114460413718163,0.01640257228664873,0.13554987212276215,0.019585811118258988,0.01656441717791411,0.02254601226993865,0.01656441717791411,0.0,0.0,0.024808184143222507,0.0,0.019585811118258988,0.01656441717791411,0.02254601226993865,0.01656441717791411,0.0,0.0,0.0,0.0
tuning,41003,linear_down_0p03,4,9800,1.7159101705952566,1.160349276722694,0.011576305732881764,0.08693877551020408,0.012829754601226994,0.009110429447852762,0.016549079754601227,0.009110429447852762,0.0,0.0,0.010408163265306122,0.0,0.012829754601226994,0.009110429447852762,0.016549079754601227,0.009110429447852762,0.0,0.0,0.0,0.0
tuning,41003,linear_down_0p03,5,11780,1.3762744381290137,0.9006990382545873,0.004266629948177714,0.04168081494057725,0.004555162644390514,6.134969325153228e-05,0.009033742331288343,6.134969325153228e-05,0.10865874363327674,0.0,0.0022071307300509336,0.0,0.004555162644390514,6.134969325153228e-05,0.009033742331288343,6.134969325153228e-05,0.10865874363327674,0.0,0.0,0.0
tuning,41003,linear_down_0p10,1,3880,3.1570537916163808,2.6007241870939115,0.04538274387355019,0.22396907216494846,0.09516818459722134,0.09028629856850717,0.1,0.09028629856850717,0.0,1.0,0.3255154639175258,0.0,0.09516818459722134,0.09028629856850717,0.1,0.09028629856850717,0.0,1.0,0.0002577319587628866,0.0005154639175257732
tuning,41003,linear_down_0p10,2,5840,2.674566252835809,2.079058503451413,0.03809355822126086,0.16729452054794522,0.0827448735187831,0.0752556237218814,0.09008179959100204,0.0752556237218814,0.0,0.017123287671232876,0.38065068493150683,0.0,0.0827448735187831,0.0752556237218814,0.09008179959100204,0.0752556237218814,0.0,0.017123287671232876,0.0,0.0
tuning,41003,linear_down_0p10,3,7820,2.193073680486216,1.6005072913816214,0.03284121759950726,0.12352941176470589,0.06528603706086329,0.05521472392638036,0.07515337423312884,0.05521472392638036,0.0,0.0,0.33580562659846547,0.0,0.06528603706086329,0.05521472392638036,0.07515337423312884,0.05521472392638036,0.0,0.0,0.0,0.0
tuning,41003,linear_down_0p10,4,9800,1.7740507320177799,1.2292730118547166,0.02496201283992173,0.07775510204081633,0.04276584867075665,0.030368098159509208,0.055163599182004086,0.030368098159509208,0.0,0.0,0.23346938775510204,0.0,0.04276584867075665,0.030368098159509208,0.055163599182004086,0.030368098159509208,0.0,0.0,0.0,0.0
tuning,41003,linear_down_0p10,5,11780,1.4201500061766603,0.9431109610559175,0.010094898841422386,0.04057724957555178,0.015183875481301711,0.0002044989775051076,0.030112474437627813,0.0002044989775051076,0.03225806451612903,0.0,0.08573853989813243,0.0,0.015183875481301711,0.0002044989775051076,0.030112474437627813,0.0002044989775051076,0.03225806451612903,0.0,0.0,0.0
tuning,41003,linear_up_0p03,1,3880,3.115244866615718,2.5452006508394613,0.0012258809677735737,0.19458762886597938,0.0014495446208335966,0.0,0.0029141104294478524,0.0029141104294478524,0.36082474226804123,0.0,0.0018041237113402063,0.0,0.0014495446208335966,0.0,0.0029141104294478524,0.0029141104294478524,0.36082474226804123,0.0,0.0,0.0005154639175257732
tuning,41003,linear_up_0p03,2,5840,2.610411529671656,2.002279326115569,0.005073600187381388,0.1702054794520548,0.005176537944365072,0.0029754601226993868,0.007423312883435583,0.007423312883435583,0.0,0.0,0.0005136986301369863,0.0,0.005176537944365072,0.0029754601226993868,0.007423312883435583,0.007423312883435583,0.0,0.0,0.0,0.0
tuning,41003,linear_up_0p03,3,7820,2.1101581093143014,1.4917369340081958,0.010725407901784534,0.1373401534526854,0.010414188881741013,0.0074539877300613495,0.01343558282208589,0.01343558282208589,0.0,0.0,0.0,0.0,0.010414188881741013,0.0074539877300613495,0.01343558282208589,0.01343558282208589,0.0,0.0,0.0,0.0
tuning,41003,linear_up_0p03,4,9800,1.7045800357631276,1.1412530052418612,0.017413416105531612,0.08489795918367347,0.017170245398773005,0.013450920245398772,0.020889570552147237,0.020889570552147237,0.0,0.0,0.0005102040816326531,0.0,0.017170245398773005,0.013450920245398772,0.020889570552147237,0.020889570552147237,0.0,0.0,0.0,0.0
tuning,41003,linear_up_0p03,5,11780,1.374070956862843,0.8870697604375298,0.02348602701441807,0.046519524617996605,0.025444837355609484,0.020966257668711654,0.029938650306748468,0.029938650306748468,0.0,0.0,0.007385398981324278,0.0,0.025444837355609484,0.020966257668711654,0.029938650306748468,0.029938650306748468,0.0,0.0,0.0,0.0
tuning,41003,linear_up_0p10,1,3880,3.116686806297794,2.547435985398047,0.004007321589183073,0.19690721649484536,0.0048318154027786565,0.0,0.009713701431492843,0.009713701431492843,0.10309278350515463,0.0,0.002577319587628866,0.0,0.0048318154027786565,0.0,0.009713701431492843,0.009713701431492843,0.10309278350515463,0.0,0.0,0.0005154639175257732
tuning,41003,linear_up_0p10,2,5840,2.621196191523173,2.009669398608273,0.015636193745032795,0.1654109589041096,0.01725512648121691,0.009918200408997956,0.02474437627811861,0.02474437627811861,0.0,0.0,0.004794520547945206,0.0,0.01725512648121691,0.009918200408997956,0.02474437627811861,0.02474437627811861,0.0,0.0,0.0,0.0
tuning,41003,linear_up_0p10,3,7820,2.128655793043354,1.5127507423805764,0.0294046369569419,0.14539641943734016,0.03471396293913672,0.024846625766871168,0.04478527607361964,0.04478527607361964,0.0,0.0,0.03363171355498721,0.0,0.03471396293913672,0.024846625766871168,0.04478527607361964,0.04478527607361964,0.0,0.0,0.0,0.0
tuning,41003,linear_up_0p10,4,9800,1.7201954908212838,1.160996033220875,0.04282000940958304,0.09622448979591837,0.057234151329243366,0.04483640081799591,0.0696319018404908,0.0696319018404908,0.0,0.0,0.14612244897959184,0.0,0.057234151329243366,0.04483640081799591,0.0696319018404908,0.0696319018404908,0.0,0.0,0.0,0.0
tuning,41003,linear_up_0p10,5,11780,1.3958643915191773,0.9212062598691529,0.041914292000088185,0.08862478777589135,0.0848161245186983,0.0698875255623722,0.0997955010224949,0.0997955010224949,0.0,0.3293718166383701,0.3337011884550085,0.0,0.0848161245186983,0.0698875255623722,0.0997955010224949,0.0997955010224949,0.0,0.3293718166383701,0.022410865874363327,0.0
confirmation,42001,entropy,1,3880,3.081994268697562,2.48839482695786,0.0,0.20927835051546392,0.0,0.0,0.0,0.0,1.0,0.0,0.001288659793814433,0.0,0.0,0.0,0.0,0.0,1.0,0.0,0.0,0.0
confirmation,42001,entropy,2,5840,2.5847250815736103,1.954953186316033,0.0,0.16866438356164384,0.0,0.0,0.0,0.0,1.0,0.0,0.00017123287671232877,0.0,0.0,0.0,0.0,0.0,1.0,0.0,0.0,0.0
confirmation,42001,entropy,3,7820,2.1001748116120047,1.4804849216090443,0.0,0.14884910485933503,0.0,0.0,0.0,0.0,1.0,0.0,0.0,0.0,0.0,0.0,0.0,0.0,1.0,0.0,0.0,0.0
confirmation,42001,entropy,4,9800,1.6904327164012558,1.1242865776529118,0.0,0.08887755102040816,0.0,0.0,0.0,0.0,1.0,0.0,0.0,0.0,0.0,0.0,0.0,0.0,1.0,0.0,0.0,0.0
confirmation,42001,entropy,5,11780,1.357548598502407,0.8882385585425463,0.0,0.045246179966044145,0.0,0.0,0.0,0.0,1.0,0.0,0.0,0.0,0.0,0.0,0.0,0.0,1.0,0.0,0.0,0.0
confirmation,42001,lite,1,3880,3.1167726083514617,2.535995109794066,0.04095507497257479,0.23840206185567012,0.052187289869297375,0.020988398439681213,0.07214250366979844,0.021957124025718106,0.0,0.0,0.20412371134020618,0.0,0.0883136107914325,0.031962891928155414,0.09711920901432722,0.0903260404796571,0.0,0.7422680412371134,0.0007731958762886598,0.0
confirmation,42001,lite,2,5840,2.6565371763420433,2.0682600679462904,0.03874513297353787,0.1827054794520548,0.047301818830432996,0.024300254905781665,0.06003074483102573,0.028873052585394826,0.0,0.0,0.20924657534246574,0.0,0.0953009288358446,0.08692216040248144,0.0980732915823345,0.08692216040248144,0.0,0.9246575342465754,0.0015410958904109589,0.0
confirmation,42001,lite,3,7820,2.2015378015044402,1.6087527643993993,0.03345736356446974,0.16419437340153453,0.043519987561837684,0.027960109976112944,0.05814499981118659,0.030559599491077356,0.0,0.0,0.20703324808184143,0.0,0.09225633453104086,0.07029300641133722,0.09755722233015672,0.07029300641133722,0.0,0.7289002557544757,0.010230179028132993,0.0
confirmation,42001,lite,4,9800,1.798040113643724,1.2536650740370459,0.026957179786696144,0.10193877551020408,0.0423210624317038,0.02639990082654547,0.0515035359570933,0.0329630230425723,0.0,0.0,0.19316326530612246,0.0,0.08643365405570759,0.054593792373965055,0.09690911384479453,0.054593792373965055,0.0,0.5918367346938775,0.025612244897959182,0.0
confirmation,42001,lite,5,11780,1.448784060270252,0.9785884535272174,0.0201141589283882,0.044821731748726654,0.03982054275220623,0.028075208324858617,0.04887255752041416,0.030434648756565777,0.0,0.0,0.19490662139219014,0.0,0.07853319431743609,0.03824028124158334,0.09506200845403961,0.03966470651394007,0.0,0.398981324278438,0.05042444821731749,0.0
confirmation,42001,tuned_fixed,1,3880,3.1290949319134054,2.5490262606709275,0.04428190080735035,0.24278350515463917,0.10000000000000002,0.1,0.1,0.1,0.0,1.0,0.347680412371134,0.0,0.10000000000000002,0.1,0.1,0.1,0.0,1.0,0.002577319587628866,0.0
confirmation,42001,tuned_fixed,2,5840,2.6660617568517386,2.077640999261647,0.03626607992805895,0.18904109589041096,0.1,0.1,0.1,0.1,0.0,1.0,0.4291095890410959,0.0,0.1,0.1,0.1,0.1,0.0,1.0,0.004452054794520548,0.0
confirmation,42001,tuned_fixed,3,7820,2.205502094576121,1.6319966471713523,0.03042525516683405,0.1608695652173913,0.10000000000000003,0.1,0.1,0.1,0.0,1.0,0.44910485933503835,0.0,0.10000000000000003,0.1,0.1,0.1,0.0,1.0,0.03989769820971867,0.0
confirmation,42001,tuned_fixed,4,9800,1.8114082212411629,1.2619290620696788,0.024099704405937745,0.09918367346938775,0.1,0.1,0.1,0.1,0.0,1.0,0.4657142857142857,0.0,0.1,0.1,0.1,0.1,0.0,1.0,0.05826530612244898,0.0
confirmation,42001,tuned_fixed,5,11780,1.4636376403638989,0.9914575141233175,0.01747832121501286,0.04592529711375212,0.1,0.1,0.1,0.1,0.0,1.0,0.49736842105263157,0.0,0.1,0.1,0.1,0.1,0.0,1.0,0.10916808149405773,0.0
confirmation,42001,tuned_schedule,1,3880,3.1286264280068505,2.548082816232111,0.043543563827445946,0.23685567010309277,0.09516818459722134,0.09028629856850717,0.1,0.09028629856850717,0.0,1.0,0.3342783505154639,0.0,0.09516818459722134,0.09028629856850717,0.1,0.09028629856850717,0.0,1.0,0.001288659793814433,0.0
confirmation,42001,tuned_schedule,2,5840,2.6600295522033353,2.05974028453435,0.035717267584311214,0.1731164383561644,0.0827448735187831,0.0752556237218814,0.09008179959100204,0.0752556237218814,0.0,0.017123287671232876,0.37397260273972605,0.0,0.0827448735187831,0.0752556237218814,0.09008179959100204,0.0752556237218814,0.0,0.017123287671232876,0.00017123287671232877,0.0
confirmation,42001,tuned_schedule,3,7820,2.1935815568317842,1.6009618973792972,0.031200639589730163,0.12352941176470589,0.06528603706086329,0.05521472392638036,0.07515337423312884,0.05521472392638036,0.0,0.0,0.3341432225063939,0.0,0.06528603706086329,0.05521472392638036,0.07515337423312884,0.05521472392638036,0.0,0.0,0.0,0.0
confirmation,42001,tuned_schedule,4,9800,1.7771901261988952,1.2294724263706986,0.02369046914495756,0.07479591836734693,0.04276584867075665,0.030368098159509208,0.055163599182004086,0.030368098159509208,0.0,0.0,0.23418367346938776,0.0,0.04276584867075665,0.030368098159509208,0.055163599182004086,0.030368098159509208,0.0,0.0,0.0,0.0
confirmation,42001,tuned_schedule,5,11780,1.4179988074029444,0.9445550705864393,0.009797244210343975,0.03480475382003396,0.015183875481301711,0.0002044989775051076,0.030112474437627813,0.0002044989775051076,0.03225806451612903,0.0,0.07088285229202038,0.0,0.015183875481301711,0.0002044989775051076,0.030112474437627813,0.0002044989775051076,0.03225806451612903,0.0,0.0,0.0
confirmation,42002,entropy,1,3880,3.0839498257206888,2.526002274346106,0.0,0.2018041237113402,0.0,0.0,0.0,0.0,1.0,0.0,0.0002577319587628866,0.0,0.0,0.0,0.0,0.0,1.0,0.0,0.0,0.0
confirmation,42002,entropy,2,5840,2.585724848733373,1.9603124852866343,0.0,0.18904109589041096,0.0,0.0,0.0,0.0,1.0,0.0,0.0,0.0,0.0,0.0,0.0,0.0,1.0,0.0,0.0,0.0
confirmation,42002,entropy,3,7820,2.0858661258845683,1.4596393708987614,0.0,0.1483375959079284,0.0,0.0,0.0,0.0,1.0,0.0,0.0,0.0,0.0,0.0,0.0,0.0,1.0,0.0,0.0,0.0
confirmation,42002,entropy,4,9800,1.6777296753987974,1.1242161194888913,0.0,0.09071428571428572,0.0,0.0,0.0,0.0,1.0,0.0,0.0,0.0,0.0,0.0,0.0,0.0,1.0,0.0,0.0,0.0
confirmation,42002,entropy,5,11780,1.3438511267405617,0.8638041892258137,0.0,0.04422750424448217,0.0,0.0,0.0,0.0,1.0,0.0,0.0,0.0,0.0,0.0,0.0,0.0,1.0,0.0,0.0,0.0
confirmation,42002,lite,1,3880,3.120539365017537,2.576406662611617,0.043434609918886896,0.2309278350515464,0.05687065937682878,0.03196289192815542,0.07774059902202198,0.03254822161863145,0.0,0.0,0.16675257731958762,0.0,0.08849639978132079,0.031962891928155414,0.09709568467376725,0.09189403647213307,0.0,0.7680412371134021,0.0007731958762886598,0.0
confirmation,42002,lite,2,5840,2.649398285783317,2.0480717318515254,0.040117255497259766,0.21575342465753425,0.050683133359100206,0.028869865978550253,0.06855306756674377,0.028869865978550253,0.0,0.0,0.19982876712328768,0.0,0.09494098248694971,0.08165463189915335,0.09819661671571656,0.08165463189915335,0.0,0.8732876712328768,0.0029109589041095892,0.0
confirmation,42002,lite,3,7820,2.1868464683785156,1.6072535551417515,0.03185458484258231,0.17340153452685422,0.0464431464720036,0.02815399085249528,0.05902835802368483,0.02962430472335488,0.0,0.0,0.20217391304347826,0.0,0.08844756359533305,0.04992330102935595,0.09770449152939208,0.05107492112867537,0.0,0.6777493606138107,0.02826086956521739,0.0
confirmation,42002,lite,4,9800,1.777612245691066,1.2288934935112388,0.02555623696679792,0.10153061224489796,0.043789254867638155,0.02153799469324171,0.055991400085755996,0.03145608013024574,0.0,0.0,0.19908163265306122,0.0,0.08183006975871877,0.03544788232858304,0.09667232064901238,0.03544788232858304,0.0,0.5102040816326531,0.04989795918367347,0.0
confirmation,42002,lite,5,11780,1.427838854484121,0.9454969880131591,0.020283890577973817,0.04516129032258064,0.040639005889819155,0.025202588116718952,0.0505982792934183,0.029087257692692145,0.0,0.0,0.20483870967741935,0.0,0.07615353049426994,0.031002737796273425,0.09558004979537044,0.031255876340938765,0.0,0.4074702886247878,0.06774193548387097,0.0
confirmation,42002,tuned_fixed,1,3880,3.1317894176724033,2.588196772275512,0.047401059590776506,0.23737113402061855,0.10000000000000002,0.1,0.1,0.1,0.0,1.0,0.2979381443298969,0.0,0.10000000000000002,0.1,0.1,0.1,0.0,1.0,0.0015463917525773195,0.0002577319587628866
confirmation,42002,tuned_fixed,2,5840,2.6649391404161715,2.0758804017550325,0.03896527218756577,0.20085616438356163,0.1,0.1,0.1,0.1,0.0,1.0,0.39246575342465756,0.0,0.1,0.1,0.1,0.1,0.0,1.0,0.003424657534246575,0.0
confirmation,42002,tuned_fixed,3,7820,2.1979012541606298,1.59491476530919,0.030077944784882314,0.1690537084398977,0.10000000000000003,0.1,0.1,0.1,0.0,1.0,0.43184143222506394,0.0,0.10000000000000003,0.1,0.1,0.1,0.0,1.0,0.056010230179028134,0.0
confirmation,42002,tuned_fixed,4,9800,1.7954111760307332,1.2533685482278163,0.023341184958348183,0.09755102040816327,0.1,0.1,0.1,0.1,0.0,1.0,0.47,0.0,0.1,0.1,0.1,0.1,0.0,1.0,0.10397959183673469,0.0
confirmation,42002,tuned_fixed,5,11780,1.4448564366239847,0.9678753674131501,0.017678705244284915,0.049066213921901525,0.1,0.1,0.1,0.1,0.0,1.0,0.5038200339558574,0.0,0.1,0.1,0.1,0.1,0.0,1.0,0.15084889643463498,0.0
confirmation,42002,tuned_schedule,1,3880,3.1303191415735125,2.584815073259098,0.04638950654485485,0.23144329896907218,0.09516818459722134,0.09028629856850717,0.1,0.09028629856850717,0.0,1.0,0.2842783505154639,0.0,0.09516818459722134,0.09028629856850717,0.1,0.09028629856850717,0.0,1.0,0.0015463917525773195,0.0002577319587628866
confirmation,42002,tuned_schedule,2,5840,2.6582389406961937,2.046259101123026,0.03772876946800173,0.20085616438356163,0.0827448735187831,0.0752556237218814,0.09008179959100204,0.0752556237218814,0.0,0.017123287671232876,0.33287671232876714,0.0,0.0827448735187831,0.0752556237218814,0.09008179959100204,0.0752556237218814,0.0,0.017123287671232876,0.00034246575342465754,0.0
confirmation,42002,tuned_schedule,3,7820,2.1678665397722092,1.5708843509254553,0.031979855487880016,0.14347826086956522,0.06528603706086329,0.05521472392638036,0.07515337423312884,0.05521472392638036,0.0,0.0,0.31828644501278774,0.0,0.06528603706086329,0.05521472392638036,0.07515337423312884,0.05521472392638036,0.0,0.0,0.0,0.0
confirmation,42002,tuned_schedule,4,9800,1.7498675492953282,1.1995276901186729,0.024544427750622662,0.07428571428571429,0.04276584867075665,0.030368098159509208,0.055163599182004086,0.030368098159509208,0.0,0.0,0.218265306122449,0.0,0.04276584867075665,0.030368098159509208,0.055163599182004086,0.030368098159509208,0.0,0.0,0.0,0.0
confirmation,42002,tuned_schedule,5,11780,1.3969493336709935,0.9136325460439627,0.010072017622562412,0.03497453310696095,0.015183875481301711,0.0002044989775051076,0.030112474437627813,0.0002044989775051076,0.03225806451612903,0.0,0.07317487266553481,0.0,0.015183875481301711,0.0002044989775051076,0.030112474437627813,0.0002044989775051076,0.03225806451612903,0.0,0.0,0.0
confirmation,42003,entropy,1,3880,3.1260639153804974,2.561132890661967,0.0,0.20077319587628867,0.0,0.0,0.0,0.0,1.0,0.0,0.0010309278350515464,0.0,0.0,0.0,0.0,0.0,1.0,0.0,0.0,0.0005154639175257732
confirmation,42003,entropy,2,5840,2.61698769079904,2.0048179132481145,0.0,0.1868150684931507,0.0,0.0,0.0,0.0,1.0,0.0,0.0,0.0,0.0,0.0,0.0,0.0,1.0,0.0,0.0,0.0
confirmation,42003,entropy,3,7820,2.1175903733200427,1.504918129700224,0.0,0.14872122762148338,0.0,0.0,0.0,0.0,1.0,0.0,0.0,0.0,0.0,0.0,0.0,0.0,1.0,0.0,0.0,0.0
confirmation,42003,entropy,4,9800,1.7074916729209375,1.1512819430049586,0.0,0.08755102040816326,0.0,0.0,0.0,0.0,1.0,0.0,0.0,0.0,0.0,0.0,0.0,0.0,1.0,0.0,0.0,0.0
confirmation,42003,entropy,5,11780,1.368844298049428,0.8974379668413884,0.0,0.04592529711375212,0.0,0.0,0.0,0.0,1.0,0.0,0.0,0.0,0.0,0.0,0.0,0.0,1.0,0.0,0.0,0.0
confirmation,42003,lite,1,3880,3.162689307977244,2.61128555990986,0.049509261119522675,0.2304123711340206,0.05768324553008233,0.03196289192815542,0.07789033082337055,0.03634059785889759,0.0,0.0,0.17190721649484536,0.0,0.08956470457362137,0.031962891928155414,0.0980272024357268,0.09496571813362019,0.0,0.7680412371134021,0.0,0.0002577319587628866
confirmation,42003,lite,2,5840,2.681791469148577,2.104679687382424,0.04534252152269802,0.22157534246575342,0.04915783253977655,0.028284321236082134,0.06640781551930518,0.02977762748159375,0.0,0.0,0.21027397260273972,0.0,0.09650438570900802,0.08642997112964765,0.09884641817000242,0.08642997112964765,0.0,0.9246575342465754,0.002054794520547945,0.0
confirmation,42003,lite,3,7820,2.215445929308377,1.6194174024455077,0.03667100872179023,0.18171355498721228,0.04570753493350955,0.02737635972900791,0.06039744149235737,0.02737635972900791,0.0,0.0,0.21214833759590793,0.0,0.0907168079747287,0.054964449610740075,0.09859642181627021,0.054964449610740075,0.0,0.7161125319693095,0.01969309462915601,0.0
confirmation,42003,lite,4,9800,1.8185147438730513,1.2584235870108313,0.030457565459633202,0.10193877551020408,0.04287341496584428,0.017630271748296372,0.05692515677354121,0.028561984057681233,0.0,0.0,0.20938775510204083,0.0,0.08361068972090159,0.03372852953025644,0.09823685793110486,0.03372852953025644,0.0,0.5612244897959183,0.04683673469387755,0.0
confirmation,42003,lite,5,11780,1.4615152859930676,0.994000369502652,0.023617139538999538,0.04634974533106961,0.040760555307215514,0.023491372978456215,0.050841850803043986,0.029341607579519167,0.0,0.0,0.217402376910017,0.0,0.07729492629830603,0.02461847628681199,0.09722352291966556,0.025180383301902805,0.0,0.466893039049236,0.06587436332767402,0.0
confirmation,42003,tuned_fixed,1,3880,3.170869331998923,2.6196245839915324,0.05374784818623178,0.236340206185567,0.10000000000000002,0.1,0.1,0.1,0.0,1.0,0.2958762886597938,0.0,0.10000000000000002,0.1,0.1,0.1,0.0,1.0,0.0002577319587628866,0.0
confirmation,42003,tuned_fixed,2,5840,2.699168303710957,2.1188461286564397,0.044558705905260336,0.2339041095890411,0.1,0.1,0.1,0.1,0.0,1.0,0.3982876712328767,0.0,0.1,0.1,0.1,0.1,0.0,1.0,0.003424657534246575,0.0
confirmation,42003,tuned_fixed,3,7820,2.2333915530873076,1.648971865853995,0.03592432381192984,0.19629156010230178,0.10000000000000003,0.1,0.1,0.1,0.0,1.0,0.4432225063938619,0.0,0.10000000000000003,0.1,0.1,0.1,0.0,1.0,0.04475703324808184,0.0
confirmation,42003,tuned_fixed,4,9800,1.8304171202377397,1.2932367238463187,0.028316183700120172,0.11540816326530612,0.1,0.1,0.1,0.1,0.0,1.0,0.4789795918367347,0.0,0.1,0.1,0.1,0.1,0.0,1.0,0.09642857142857143,0.0
confirmation,42003,tuned_fixed,5,11780,1.4744067662084042,1.0102807543476084,0.0210338708077615,0.04940577249575552,0.1,0.1,0.1,0.1,0.0,1.0,0.5228353140916808,0.0,0.1,0.1,0.1,0.1,0.0,1.0,0.14558573853989815,0.0
confirmation,42003,tuned_schedule,1,3880,3.169758932492168,2.6174024564703715,0.0528899334528395,0.23350515463917526,0.09516818459722134,0.09028629856850717,0.1,0.09028629856850717,0.0,1.0,0.2865979381443299,0.0,0.09516818459722134,0.09028629856850717,0.1,0.09028629856850717,0.0,1.0,0.0,0.0
confirmation,42003,tuned_schedule,2,5840,2.691064880972039,2.105274954070784,0.04390157076716742,0.19023972602739725,0.0827448735187831,0.0752556237218814,0.09008179959100204,0.0752556237218814,0.0,0.017123287671232876,0.34486301369863015,0.0,0.0827448735187831,0.0752556237218814,0.09008179959100204,0.0752556237218814,0.0,0.017123287671232876,0.0,0.0
confirmation,42003,tuned_schedule,3,7820,2.21250271007533,1.624733266928007,0.03746800790383073,0.13312020460358057,0.06528603706086329,0.05521472392638036,0.07515337423312884,0.05521472392638036,0.0,0.0,0.31930946291560103,0.0,0.06528603706086329,0.05521472392638036,0.07515337423312884,0.05521472392638036,0.0,0.0,0.0,0.0
confirmation,42003,tuned_schedule,4,9800,1.7983241681724178,1.2473063301066962,0.028367428575138732,0.07857142857142857,0.04276584867075665,0.030368098159509208,0.055163599182004086,0.030368098159509208,0.0,0.0,0.23020408163265307,0.0,0.04276584867075665,0.030368098159509208,0.055163599182004086,0.030368098159509208,0.0,0.0,0.0,0.0
confirmation,42003,tuned_schedule,5,11780,1.4336700491012662,0.95715587875839,0.011480808079568383,0.03718166383701189,0.015183875481301711,0.0002044989775051076,0.030112474437627813,0.0002044989775051076,0.03225806451612903,0.0,0.06230899830220713,0.0,0.015183875481301711,0.0002044989775051076,0.030112474437627813,0.0002044989775051076,0.03225806451612903,0.0,0.0,0.0
confirmation,42004,entropy,1,3880,3.1171850567933213,2.5161913651780985,0.0,0.22603092783505155,0.0,0.0,0.0,0.0,1.0,0.0,0.0,0.0,0.0,0.0,0.0,0.0,1.0,0.0,0.0,0.0007731958762886598
confirmation,42004,entropy,2,5840,2.5999223508859335,1.9587724817125765,0.0,0.2071917808219178,0.0,0.0,0.0,0.0,1.0,0.0,0.00017123287671232877,0.0,0.0,0.0,0.0,0.0,1.0,0.0,0.0,0.0
confirmation,42004,entropy,3,7820,2.0970988025903092,1.468202914423345,0.0,0.16445012787723784,0.0,0.0,0.0,0.0,1.0,0.0,0.0,0.0,0.0,0.0,0.0,0.0,1.0,0.0,0.0,0.0
confirmation,42004,entropy,4,9800,1.690239196711657,1.1340966576216172,0.0,0.09051020408163266,0.0,0.0,0.0,0.0,1.0,0.0,0.0,0.0,0.0,0.0,0.0,0.0,1.0,0.0,0.0,0.0
confirmation,42004,entropy,5,11780,1.349446050099181,0.8680225348634509,0.0,0.04702886247877759,0.0,0.0,0.0,0.0,1.0,0.0,0.0,0.0,0.0,0.0,0.0,0.0,1.0,0.0,0.0,0.0
confirmation,42004,lite,1,3880,3.155302257636159,2.5666471891796467,0.04466003736020378,0.2595360824742268,0.05764117054666742,0.03196289192815542,0.07787715494821938,0.03324862067851147,0.0,0.0,0.18556701030927836,0.0,0.08872496527313119,0.031962891928155414,0.09724848460000773,0.0917959978904895,0.0,0.7680412371134021,0.001288659793814433,0.0007731958762886598
confirmation,42004,lite,2,5840,2.672392057311045,2.0611046381192666,0.040272797527398735,0.23664383561643837,0.049657595918678,0.025433423070474973,0.06652684571346636,0.025433423070474973,0.0,0.0,0.19914383561643836,0.0,0.09499451693027446,0.08165988854622888,0.0983923791497073,0.08165988854622888,0.0,0.8561643835616438,0.0029109589041095892,0.0
confirmation,42004,lite,3,7820,2.207749320418024,1.6056120142607433,0.03309766757162216,0.17391304347826086,0.04555182513136682,0.023976242079472194,0.06223000428300382,0.023976242079472194,0.0,0.0,0.22122762148337596,0.0,0.09101295525649605,0.06709784184330322,0.09771802850468614,0.06709784184330322,0.0,0.690537084398977,0.01010230179028133,0.0
confirmation,42004,lite,4,9800,1.8020661791672512,1.256370057135212,0.026824418311127703,0.10102040816326531,0.043549196759369226,0.02335365479301994,0.058435309832913,0.025434216000938346,0.0,0.0,0.21051020408163265,0.0,0.08430051158626939,0.0402456232819545,0.09687835038744724,0.0402456232819545,0.0,0.5510204081632653,0.03979591836734694,0.0
confirmation,42004,lite,5,11780,1.4498432077454793,0.9765278520932222,0.020483963245755934,0.04567062818336163,0.04011401474056888,0.020350739517914676,0.05315816525959978,0.027565152763305796,0.0,0.0,0.217402376910017,0.0,0.07666328478305279,0.022878211227501968,0.09547387489303738,0.022878211227501968,0.0,0.4159592529711375,0.06757215619694397,0.0
confirmation,42004,tuned_fixed,1,3880,3.1665641041146113,2.5778436611608133,0.048604468515406916,0.26829896907216494,0.10000000000000002,0.1,0.1,0.1,0.0,1.0,0.3134020618556701,0.0,0.10000000000000002,0.1,0.1,0.1,0.0,1.0,0.0028350515463917525,0.0007731958762886598
confirmation,42004,tuned_fixed,2,5840,2.6909725123072326,2.0906866458180833,0.038920151734139576,0.22722602739726028,0.1,0.1,0.1,0.1,0.0,1.0,0.38972602739726026,0.0,0.1,0.1,0.1,0.1,0.0,1.0,0.00684931506849315,0.0
confirmation,42004,tuned_fixed,3,7820,2.2275692656217023,1.651101083706712,0.03076587680649397,0.179923273657289,0.10000000000000003,0.1,0.1,0.1,0.0,1.0,0.4377237851662404,0.0,0.10000000000000003,0.1,0.1,0.1,0.0,1.0,0.035421994884910483,0.0
confirmation,42004,tuned_fixed,4,9800,1.8215227057921644,1.2658071031375808,0.02371388645073849,0.09846938775510204,0.1,0.1,0.1,0.1,0.0,1.0,0.47061224489795916,0.0,0.1,0.1,0.1,0.1,0.0,1.0,0.08846938775510205,0.0
confirmation,42004,tuned_fixed,5,11780,1.4685447467886328,1.005920889624513,0.017495681674806987,0.044482173174872665,0.1,0.1,0.1,0.1,0.0,1.0,0.5083191850594228,0.0,0.1,0.1,0.1,0.1,0.0,1.0,0.14482173174872665,0.0
confirmation,42004,tuned_schedule,1,3880,3.1668937840105333,2.5781196828969977,0.047663615130429035,0.2600515463917526,0.09516818459722134,0.09028629856850717,0.1,0.09028629856850717,0.0,1.0,0.29896907216494845,0.0,0.09516818459722134,0.09028629856850717,0.1,0.09028629856850717,0.0,1.0,0.0018041237113402063,0.0007731958762886598
confirmation,42004,tuned_schedule,2,5840,2.6823742738733554,2.082197017865638,0.03769826516352511,0.20616438356164385,0.0827448735187831,0.0752556237218814,0.09008179959100204,0.0752556237218814,0.0,0.017123287671232876,0.34143835616438356,0.0,0.0827448735187831,0.0752556237218814,0.09008179959100204,0.0752556237218814,0.0,0.017123287671232876,0.00034246575342465754,0.0
confirmation,42004,tuned_schedule,3,7820,2.206505280565423,1.6304394534176878,0.03155942199946157,0.1438618925831202,0.06528603706086329,0.05521472392638036,0.07515337423312884,0.05521472392638036,0.0,0.0,0.3272378516624041,0.0,0.06528603706086329,0.05521472392638036,0.07515337423312884,0.05521472392638036,0.0,0.0,0.0,0.0
confirmation,42004,tuned_schedule,4,9800,1.7842136207040475,1.235987433243771,0.024024188331490483,0.07908163265306123,0.04276584867075665,0.030368098159509208,0.055163599182004086,0.030368098159509208,0.0,0.0,0.22551020408163266,0.0,0.04276584867075665,0.030368098159509208,0.055163599182004086,0.030368098159509208,0.0,0.0,0.0,0.0
confirmation,42004,tuned_schedule,5,11780,1.4248996224741377,0.9562257367402872,0.010079678412136143,0.03769100169779287,0.015183875481301711,0.0002044989775051076,0.030112474437627813,0.0002044989775051076,0.03225806451612903,0.0,0.06078098471986418,0.0,0.015183875481301711,0.0002044989775051076,0.030112474437627813,0.0002044989775051076,0.03225806451612903,0.0,0.0,0.0
confirmation,42005,entropy,1,3880,3.122037552926958,2.5344877660888985,0.0,0.22731958762886598,0.0,0.0,0.0,0.0,1.0,0.0,0.0002577319587628866,0.0002577319587628866,0.0,0.0,0.0,0.0,1.0,0.0,0.0,0.001288659793814433
confirmation,42005,entropy,2,5840,2.6175265348120913,1.986015993030104,0.0,0.20205479452054795,0.0,0.0,0.0,0.0,1.0,0.0,0.0,0.0,0.0,0.0,0.0,0.0,1.0,0.0,0.0,0.0
confirmation,42005,entropy,3,7820,2.117537474304514,1.4996245649769484,0.0,0.1534526854219949,0.0,0.0,0.0,0.0,1.0,0.0,0.0,0.0,0.0,0.0,0.0,0.0,1.0,0.0,0.0,0.0
confirmation,42005,entropy,4,9800,1.6920864660825048,1.1383519113063811,0.0,0.0939795918367347,0.0,0.0,0.0,0.0,1.0,0.0,0.0,0.0,0.0,0.0,0.0,0.0,1.0,0.0,0.0,0.0
confirmation,42005,entropy,5,11780,1.349966114430557,0.8688967310410809,0.0,0.04456706281833616,0.0,0.0,0.0,0.0,1.0,0.0,0.0,0.0,0.0,0.0,0.0,0.0,1.0,0.0,0.0,0.0
confirmation,42005,lite,1,3880,3.1575931866451636,2.5846466649438917,0.04492733398656286,0.2520618556701031,0.05655754173774589,0.03196289192815542,0.07666729643034755,0.0351625785839233,0.0,0.0,0.17783505154639176,0.0,0.08909029455461166,0.031962891928155414,0.0977086118090133,0.09310273106554154,0.0,0.7680412371134021,0.0,0.0010309278350515464
confirmation,42005,lite,2,5840,2.688767428981931,2.0952090224991107,0.04168813022349703,0.21215753424657535,0.05098848779791582,0.02825197048588586,0.06592724528374119,0.028424347975824465,0.0,0.0,0.19794520547945205,0.0,0.09573567792213108,0.08641128242995197,0.09846762423167216,0.08641128242995197,0.0,0.9075342465753424,0.0017123287671232876,0.0
confirmation,42005,lite,3,7820,2.210809543187661,1.626412996245772,0.0339971907694615,0.17365728900255756,0.04721967673008622,0.0282191736220991,0.06247942218022311,0.03377347188953103,0.0,0.0,0.19462915601023018,0.0,0.09163002324154312,0.07142332057247418,0.09780559246158993,0.07142332057247418,0.0,0.7289002557544757,0.009718670076726343,0.0
confirmation,42005,lite,4,9800,1.7974124620702803,1.26379454719777,0.028017219436412805,0.09704081632653061,0.04495115639163017,0.028271325453811256,0.057000068187897976,0.0328042229449908,0.0,0.0,0.19653061224489796,0.0,0.08623519404982807,0.05272179101060793,0.09705778296165832,0.053503228570209026,0.0,0.5816326530612245,0.026020408163265306,0.0
confirmation,42005,lite,5,11780,1.4402007148504663,0.9604049761145548,0.02145760765314317,0.04261460101867572,0.040912884504300424,0.02341022320491995,0.05177054065371568,0.030276174802208424,0.0,0.0,0.20602716468590832,0.0,0.0797192892419006,0.04090066466528326,0.09551146470523568,0.04090066466528326,0.0,0.432937181663837,0.04711375212224109,0.0
confirmation,42005,tuned_fixed,1,3880,3.1702437424782626,2.5969693611577616,0.048815094744594785,0.26262886597938145,0.10000000000000002,0.1,0.1,0.1,0.0,1.0,0.31288659793814433,0.0,0.10000000000000002,0.1,0.1,0.1,0.0,1.0,0.0007731958762886598,0.001288659793814433
confirmation,42005,tuned_fixed,2,5840,2.698932306203124,2.1125001993081343,0.040457885542962785,0.22071917808219177,0.1,0.1,0.1,0.1,0.0,1.0,0.3833904109589041,0.0,0.1,0.1,0.1,0.1,0.0,1.0,0.003424657534246575,0.0
confirmation,42005,tuned_fixed,3,7820,2.2236102705873795,1.62541631024207,0.0317314833943912,0.17468030690537084,0.10000000000000003,0.1,0.1,0.1,0.0,1.0,0.4272378516624041,0.0,0.10000000000000003,0.1,0.1,0.1,0.0,1.0,0.02608695652173913,0.0
confirmation,42005,tuned_fixed,4,9800,1.812363289977823,1.2678492310095806,0.024276252214471286,0.09785714285714285,0.1,0.1,0.1,0.1,0.0,1.0,0.4552040816326531,0.0,0.1,0.1,0.1,0.1,0.0,1.0,0.085,0.0
confirmation,42005,tuned_fixed,5,11780,1.4517700979685337,0.9692376653690694,0.017567604690558354,0.044906621392190156,0.1,0.1,0.1,0.1,0.0,1.0,0.4921052631578947,0.0,0.1,0.1,0.1,0.1,0.0,1.0,0.13582342954159593,0.0
confirmation,42005,tuned_schedule,1,3880,3.1705313187899047,2.5951716654079475,0.04788152696363228,0.25309278350515463,0.09516818459722134,0.09028629856850717,0.1,0.09028629856850717,0.0,1.0,0.2961340206185567,0.0,0.09516818459722134,0.09028629856850717,0.1,0.09028629856850717,0.0,1.0,0.0002577319587628866,0.001288659793814433
confirmation,42005,tuned_schedule,2,5840,2.693697022738522,2.0887130633608937,0.039136215383219576,0.20068493150684932,0.0827448735187831,0.0752556237218814,0.09008179959100204,0.0752556237218814,0.0,0.017123287671232876,0.3304794520547945,0.0,0.0827448735187831,0.0752556237218814,0.09008179959100204,0.0752556237218814,0.0,0.017123287671232876,0.0,0.0
confirmation,42005,tuned_schedule,3,7820,2.2086422037590494,1.6092076804631812,0.03258690913459417,0.13657289002557546,0.06528603706086329,0.05521472392638036,0.07515337423312884,0.05521472392638036,0.0,0.0,0.3026854219948849,0.0,0.06528603706086329,0.05521472392638036,0.07515337423312884,0.05521472392638036,0.0,0.0,0.0,0.0
confirmation,42005,tuned_schedule,4,9800,1.7788208593215262,1.2414201894584966,0.024704341180693853,0.07428571428571429,0.04276584867075665,0.030368098159509208,0.055163599182004086,0.030368098159509208,0.0,0.0,0.21551020408163266,0.0,0.04276584867075665,0.030368098159509208,0.055163599182004086,0.030368098159509208,0.0,0.0,0.0,0.0
confirmation,42005,tuned_schedule,5,11780,1.4142045760068707,0.936581919573766,0.010203916705528861,0.0365025466893039,0.015183875481301711,0.0002044989775051076,0.030112474437627813,0.0002044989775051076,0.03225806451612903,0.0,0.058488964346349745,0.0,0.015183875481301711,0.0002044989775051076,0.030112474437627813,0.0002044989775051076,0.03225806451612903,0.0,0.0,0.0
confirmation,42006,entropy,1,3880,3.1131325334310533,2.5317856380619954,0.0,0.21494845360824744,0.0,0.0,0.0,0.0,1.0,0.0,0.0005154639175257732,0.0,0.0,0.0,0.0,0.0,1.0,0.0,0.0,0.0007731958762886598
confirmation,42006,entropy,2,5840,2.62474499355032,1.995811988637872,0.0,0.1922945205479452,0.0,0.0,0.0,0.0,1.0,0.0,0.0,0.0,0.0,0.0,0.0,0.0,1.0,0.0,0.0,0.0
confirmation,42006,entropy,3,7820,2.119249360206182,1.485992229503134,0.0,0.16125319693094628,0.0,0.0,0.0,0.0,1.0,0.0,0.0,0.0,0.0,0.0,0.0,0.0,1.0,0.0,0.0,0.0
confirmation,42006,entropy,4,9800,1.704190282700013,1.1404257236694804,0.0,0.095,0.0,0.0,0.0,0.0,1.0,0.0,0.0,0.0,0.0,0.0,0.0,0.0,1.0,0.0,0.0,0.0
confirmation,42006,entropy,5,11780,1.3695114786384062,0.8875941045215457,0.0,0.04134125636672326,0.0,0.0,0.0,0.0,1.0,0.0,0.0,0.0,0.0,0.0,0.0,0.0,1.0,0.0,0.0,0.0
confirmation,42006,lite,1,3880,3.147283631747531,2.5751190615683486,0.047128047739323914,0.2515463917525773,0.05761141236060236,0.03196289192815542,0.0773953901448435,0.03269226064186462,0.0,0.0,0.18170103092783504,0.0,0.08937410539365334,0.031962891928155414,0.09783991218132877,0.09376376449395388,0.0,0.7680412371134021,0.0,0.0005154639175257732
confirmation,42006,lite,2,5840,2.6885186083921013,2.08965177650321,0.044692731383321964,0.21746575342465754,0.050560605935066415,0.03227936973184613,0.06610595560554357,0.03230344663483916,0.0,0.0,0.2011986301369863,0.0,0.09662730419344595,0.08997100903537825,0.09866307602107204,0.08997100903537825,0.0,0.9931506849315068,0.0006849315068493151,0.0
confirmation,42006,lite,3,7820,2.218900695298334,1.6227081434805986,0.039806881330099166,0.1846547314578005,0.04630739596517294,0.027644627947235358,0.0578450431948164,0.03249609226745674,0.0,0.0,0.20677749360613812,0.0,0.094585861139309,0.07647245596039495,0.09850189194209517,0.07647245596039495,0.0,0.8439897698209718,0.004092071611253197,0.0
confirmation,42006,lite,4,9800,1.8073320247445788,1.2642067743807424,0.03311158863361204,0.11051020408163266,0.04376350928039938,0.02439766415873587,0.05828320007540081,0.02439766415873587,0.0,0.0,0.20051020408163264,0.0,0.08973439160923728,0.05718770049098606,0.09818936899840643,0.05718770049098606,0.0,0.6632653061224489,0.020102040816326532,0.0
confirmation,42006,lite,5,11780,1.4617374080879983,0.9837633987638865,0.02507483420349005,0.049830220713073005,0.040226666933903255,0.01970420282483336,0.05288652387138247,0.025850460703691756,0.0,0.0,0.20772495755517828,0.0,0.08236397956718063,0.03990027968366998,0.09710177576047598,0.04076914475619761,0.0,0.5263157894736842,0.04312393887945671,0.0
confirmation,42006,tuned_fixed,1,3880,3.157662578311163,2.5880915442692864,0.05157923407651385,0.2615979381443299,0.10000000000000002,0.1,0.1,0.1,0.0,1.0,0.30515463917525776,0.0,0.10000000000000002,0.1,0.1,0.1,0.0,1.0,0.0007731958762886598,0.0005154639175257732
confirmation,42006,tuned_fixed,2,5840,2.7018827373034333,2.124532315420778,0.043581726791755614,0.21934931506849314,0.1,0.1,0.1,0.1,0.0,1.0,0.3952054794520548,0.0,0.1,0.1,0.1,0.1,0.0,1.0,0.0018835616438356165,0.0
confirmation,42006,tuned_fixed,3,7820,2.2417395165509277,1.6405146823209875,0.0363528468538788,0.20677749360613812,0.10000000000000003,0.1,0.1,0.1,0.0,1.0,0.42774936061381075,0.0,0.10000000000000003,0.1,0.1,0.1,0.0,1.0,0.029411764705882353,0.0
confirmation,42006,tuned_fixed,4,9800,1.8334267064564083,1.2743843227016682,0.028799709924934348,0.12051020408163265,0.1,0.1,0.1,0.1,0.0,1.0,0.46775510204081633,0.0,0.1,0.1,0.1,0.1,0.0,1.0,0.08765306122448979,0.0
confirmation,42006,tuned_fixed,5,11780,1.480020626843077,1.0066345325957333,0.02159701888628753,0.05212224108658744,0.1,0.1,0.1,0.1,0.0,1.0,0.49117147707979625,0.0,0.1,0.1,0.1,0.1,0.0,1.0,0.133276740237691,0.0
confirmation,42006,tuned_schedule,1,3880,3.154383211406236,2.5849803587825027,0.05059619283387585,0.2554123711340206,0.09516818459722134,0.09028629856850717,0.1,0.09028629856850717,0.0,1.0,0.2940721649484536,0.0,0.09516818459722134,0.09028629856850717,0.1,0.09028629856850717,0.0,1.0,0.0,0.0007731958762886598
confirmation,42006,tuned_schedule,2,5840,2.6960914563438663,2.11107692775661,0.04293240346567734,0.19863013698630136,0.0827448735187831,0.0752556237218814,0.09008179959100204,0.0752556237218814,0.0,0.017123287671232876,0.32054794520547947,0.0,0.0827448735187831,0.0752556237218814,0.09008179959100204,0.0752556237218814,0.0,0.017123287671232876,0.0,0.0
confirmation,42006,tuned_schedule,3,7820,2.2143045333340345,1.6088606488064428,0.0364492159799787,0.15255754475703326,0.06528603706086329,0.05521472392638036,0.07515337423312884,0.05521472392638036,0.0,0.0,0.309846547314578,0.0,0.06528603706086329,0.05521472392638036,0.07515337423312884,0.05521472392638036,0.0,0.0,0.0,0.0
confirmation,42006,tuned_schedule,4,9800,1.7873618271946907,1.2363270434798026,0.027454561742488295,0.08306122448979592,0.04276584867075665,0.030368098159509208,0.055163599182004086,0.030368098159509208,0.0,0.0,0.2129591836734694,0.0,0.04276584867075665,0.030368098159509208,0.055163599182004086,0.030368098159509208,0.0,0.0,0.0,0.0
confirmation,42006,tuned_schedule,5,11780,1.4282464679362212,0.9553277684796241,0.011135702050794364,0.04049235993208829,0.015183875481301711,0.0002044989775051076,0.030112474437627813,0.0002044989775051076,0.03225806451612903,0.0,0.06825127334465195,0.0,0.015183875481301711,0.0002044989775051076,0.030112474437627813,0.0002044989775051076,0.03225806451612903,0.0,0.0,0.0
confirmation,42007,entropy,1,3880,3.1229897566062887,2.57434562923982,0.0,0.19639175257731958,0.0,0.0,0.0,0.0,1.0,0.0,0.0007731958762886598,0.0,0.0,0.0,0.0,0.0,1.0,0.0,0.0,0.0005154639175257732
confirmation,42007,entropy,2,5840,2.6039937292468056,1.956381570394725,0.0,0.19383561643835617,0.0,0.0,0.0,0.0,1.0,0.0,0.0,0.0,0.0,0.0,0.0,0.0,1.0,0.0,0.0,0.0
confirmation,42007,entropy,3,7820,2.0909894877306336,1.45889658467544,0.0,0.1561381074168798,0.0,0.0,0.0,0.0,1.0,0.0,0.0,0.0,0.0,0.0,0.0,0.0,1.0,0.0,0.0,0.0
confirmation,42007,entropy,4,9800,1.6728588338135457,1.1235385187426392,0.0,0.08969387755102042,0.0,0.0,0.0,0.0,1.0,0.0,0.0,0.0,0.0,0.0,0.0,0.0,1.0,0.0,0.0,0.0
confirmation,42007,entropy,5,11780,1.339668769309699,0.868372029835178,0.0,0.042784380305602714,0.0,0.0,0.0,0.0,1.0,0.0,0.0,0.0,0.0,0.0,0.0,0.0,1.0,0.0,0.0,0.0
confirmation,42007,lite,1,3880,3.158823115401661,2.622177877376989,0.045079151821981626,0.2347938144329897,0.05718565566326835,0.03196289192815542,0.07787781150988358,0.03471279551195617,0.0,0.0,0.17268041237113402,0.0,0.08899831698268304,0.031962891928155414,0.09742920204086117,0.09366643243326374,0.0,0.7680412371134021,0.0002577319587628866,0.0005154639175257732
confirmation,42007,lite,2,5840,2.673565686565556,2.0596174479347384,0.04227652715954015,0.21952054794520548,0.048898641493878583,0.026097363111706073,0.06266682490897751,0.026097363111706073,0.0,0.0,0.22414383561643836,0.0,0.09610596216953585,0.0883591808033859,0.09841292447180976,0.0883591808033859,0.0,0.958904109589041,0.0006849315068493151,0.0
confirmation,42007,lite,3,7820,2.186392124427859,1.5863648683518705,0.03404914870959226,0.18017902813299233,0.04494954044407604,0.023093734202443497,0.060227701841827117,0.026695333253402724,0.0,0.0,0.2184143222506394,0.0,0.09196456836682342,0.06317717381491858,0.09775591637421165,0.06317717381491858,0.0,0.7800511508951407,0.013427109974424553,0.0
confirmation,42007,lite,4,9800,1.7810657354885218,1.2416417837142943,0.02813507912927637,0.10173469387755102,0.04336492017472849,0.02351784238100492,0.057542803522577776,0.031340843986991884,0.0,0.0,0.20612244897959184,0.0,0.08552123764048389,0.04500221558652913,0.09727614817459491,0.04500221558652913,0.0,0.5918367346938775,0.03877551020408163,0.0
confirmation,42007,lite,5,11780,1.4263392466691232,0.953027054996361,0.02199221352533967,0.0434634974533107,0.04150504266888428,0.026621086760850794,0.05291388857449065,0.032771881333298516,0.0,0.0,0.2127334465195246,0.0,0.07906176443918063,0.034619797190585076,0.09595258289585966,0.034619797190585076,0.0,0.44991511035653653,0.06027164685908319,0.0
confirmation,42007,tuned_fixed,1,3880,3.170496615644583,2.6347775238076436,0.048397606022758555,0.24201030927835052,0.10000000000000002,0.1,0.1,0.1,0.0,1.0,0.31572164948453607,0.0,0.10000000000000002,0.1,0.1,0.1,0.0,1.0,0.0002577319587628866,0.0007731958762886598
confirmation,42007,tuned_fixed,2,5840,2.688451148569584,2.0835451487809014,0.04090620304104858,0.21952054794520548,0.1,0.1,0.1,0.1,0.0,1.0,0.4186643835616438,0.0,0.1,0.1,0.1,0.1,0.0,1.0,0.0018835616438356165,0.0
confirmation,42007,tuned_fixed,3,7820,2.2012196456684787,1.60096326660927,0.0324593719158505,0.18222506393861893,0.10000000000000003,0.1,0.1,0.1,0.0,1.0,0.4584398976982097,0.0,0.10000000000000003,0.1,0.1,0.1,0.0,1.0,0.024296675191815855,0.0
confirmation,42007,tuned_fixed,4,9800,1.7900796509640557,1.2507406469510527,0.024758147569242602,0.105,0.1,0.1,0.1,0.1,0.0,1.0,0.476734693877551,0.0,0.1,0.1,0.1,0.1,0.0,1.0,0.08418367346938775,0.0
confirmation,42007,tuned_fixed,5,11780,1.4434269249515137,0.9833128449265135,0.018669300729997746,0.045755517826825125,0.1,0.1,0.1,0.1,0.0,1.0,0.5018675721561969,0.0,0.1,0.1,0.1,0.1,0.0,1.0,0.13395585738539897,0.0
confirmation,42007,tuned_schedule,1,3880,3.1675680833379016,2.6311345346195183,0.04748736966738733,0.2407216494845361,0.09516818459722134,0.09028629856850717,0.1,0.09028629856850717,0.0,1.0,0.30257731958762885,0.0,0.09516818459722134,0.09028629856850717,0.1,0.09028629856850717,0.0,1.0,0.0002577319587628866,0.0007731958762886598
confirmation,42007,tuned_schedule,2,5840,2.6767326663005844,2.048037991948324,0.03923641325604565,0.21386986301369862,0.0827448735187831,0.0752556237218814,0.09008179959100204,0.0752556237218814,0.0,0.017123287671232876,0.35753424657534244,0.0,0.0827448735187831,0.0752556237218814,0.09008179959100204,0.0752556237218814,0.0,0.017123287671232876,0.0,0.0
confirmation,42007,tuned_schedule,3,7820,2.1791438225894937,1.5697482360903259,0.03253786511755848,0.15038363171355498,0.06528603706086329,0.05521472392638036,0.07515337423312884,0.05521472392638036,0.0,0.0,0.34028132992327365,0.0,0.06528603706086329,0.05521472392638036,0.07515337423312884,0.05521472392638036,0.0,0.0,0.0,0.0
confirmation,42007,tuned_schedule,4,9800,1.7537231167177765,1.2076667740636942,0.02468954068325859,0.08244897959183674,0.04276584867075665,0.030368098159509208,0.055163599182004086,0.030368098159509208,0.0,0.0,0.23234693877551021,0.0,0.04276584867075665,0.030368098159509208,0.055163599182004086,0.030368098159509208,0.0,0.0,0.0,0.0
confirmation,42007,tuned_schedule,5,11780,1.398960032125584,0.9213297509276807,0.010225757599494952,0.03607809847198642,0.015183875481301711,0.0002044989775051076,0.030112474437627813,0.0002044989775051076,0.03225806451612903,0.0,0.0733446519524618,0.0,0.015183875481301711,0.0002044989775051076,0.030112474437627813,0.0002044989775051076,0.03225806451612903,0.0,0.0,0.0
confirmation,42008,entropy,1,3880,3.1067101404224475,2.520317260752019,0.0,0.21520618556701032,0.0,0.0,0.0,0.0,1.0,0.0,0.0002577319587628866,0.0002577319587628866,0.0,0.0,0.0,0.0,1.0,0.0,0.0,0.001288659793814433
confirmation,42008,entropy,2,5840,2.6004737097718946,1.9724039868132708,0.0,0.18664383561643835,0.0,0.0,0.0,0.0,1.0,0.0,0.0,0.0,0.0,0.0,0.0,0.0,1.0,0.0,0.0,0.0
confirmation,42008,entropy,3,7820,2.0821479680440613,1.4570956156991632,0.0,0.1561381074168798,0.0,0.0,0.0,0.0,1.0,0.0,0.0,0.0,0.0,0.0,0.0,0.0,1.0,0.0,0.0,0.0
confirmation,42008,entropy,4,9800,1.665937535939168,1.1211147561365244,0.0,0.08979591836734693,0.0,0.0,0.0,0.0,1.0,0.0,0.0,0.0,0.0,0.0,0.0,0.0,1.0,0.0,0.0,0.0
confirmation,42008,entropy,5,11780,1.3345353319760291,0.857852502468284,0.0,0.04422750424448217,0.0,0.0,0.0,0.0,1.0,0.0,0.0,0.0,0.0,0.0,0.0,0.0,1.0,0.0,0.0,0.0
confirmation,42008,lite,1,3880,3.138311922396581,2.5630479141608955,0.048255814959026616,0.24871134020618557,0.058340138787550684,0.03196289192815542,0.07725097092067884,0.037677814691860365,0.0,0.0,0.16829896907216496,0.0,0.08943444188825406,0.031962891928155414,0.09797712612259003,0.0938993305175481,0.0,0.7680412371134021,0.0,0.0002577319587628866
confirmation,42008,lite,2,5840,2.663966620744091,2.0551565407890164,0.0452094156711644,0.21438356164383562,0.04998642737721486,0.03202049944657531,0.064443571284392,0.03307787429414336,0.0,0.0,0.20222602739726028,0.0,0.09666274610677901,0.08950541365345847,0.09879959192429177,0.08954856209897394,0.0,0.976027397260274,0.0006849315068493151,0.0
confirmation,42008,lite,3,7820,2.1826343044600525,1.5925896756179498,0.03695548576721605,0.18081841432225063,0.04534447531353509,0.026951362472800486,0.05994748944233446,0.026951362472800486,0.0,0.0,0.21560102301790282,0.0,0.0927140470304471,0.06660015673311183,0.09836347207768752,0.06660015673311183,0.0,0.7800511508951407,0.013171355498721228,0.0
confirmation,42008,lite,4,9800,1.774131867119244,1.241584899960732,0.028853596594432113,0.09989795918367347,0.041594549251160136,0.023430390405079188,0.054478047569019215,0.03139667237966865,0.0,0.0,0.21183673469387754,0.0,0.0854364410844604,0.04714255413867694,0.09763334747512081,0.04714255413867694,0.0,0.5816326530612245,0.03346938775510204,0.0
confirmation,42008,lite,5,11780,1.4256468362941808,0.9579801381342682,0.02208506856696438,0.04142614601018676,0.038328950312742756,0.02197228777776528,0.05112732579189291,0.026264744907607544,0.0,0.0,0.21188455008488966,0.0,0.07895012385031559,0.037191076598523214,0.09630368722727001,0.038656533841061005,0.0,0.44991511035653653,0.058828522920203734,0.0
confirmation,42008,tuned_fixed,1,3880,3.1512500418830163,2.5764860160572014,0.05192828997890492,0.2551546391752577,0.10000000000000002,0.1,0.1,0.1,0.0,1.0,0.3,0.0002577319587628866,0.10000000000000002,0.1,0.1,0.1,0.0,1.0,0.001288659793814433,0.0007731958762886598
confirmation,42008,tuned_fixed,2,5840,2.6716136185477857,2.069080900656034,0.04254062920110762,0.2303082191780822,0.1,0.1,0.1,0.1,0.0,1.0,0.39965753424657535,0.0,0.1,0.1,0.1,0.1,0.0,1.0,0.0056506849315068495,0.0
confirmation,42008,tuned_fixed,3,7820,2.19900411923828,1.6042741534045286,0.03421906834286673,0.189769820971867,0.10000000000000003,0.1,0.1,0.1,0.0,1.0,0.449616368286445,0.0,0.10000000000000003,0.1,0.1,0.1,0.0,1.0,0.0350383631713555,0.0
confirmation,42008,tuned_fixed,4,9800,1.785214382099862,1.2567440242183452,0.026173797629571373,0.10622448979591836,0.1,0.1,0.1,0.1,0.0,1.0,0.4738775510204082,0.0,0.1,0.1,0.1,0.1,0.0,1.0,0.08938775510204082,0.0
confirmation,42008,tuned_fixed,5,11780,1.435198473930359,0.9618023704794347,0.01941456167402227,0.04736842105263158,0.1,0.1,0.1,0.1,0.0,1.0,0.5215619694397283,0.0,0.1,0.1,0.1,0.1,0.0,1.0,0.13760611205432938,0.0
confirmation,42008,tuned_schedule,1,3880,3.148079693870446,2.5710502764613357,0.05115669031217915,0.24845360824742269,0.09516818459722134,0.09028629856850717,0.1,0.09028629856850717,0.0,1.0,0.2894329896907217,0.0,0.09516818459722134,0.09028629856850717,0.1,0.09028629856850717,0.0,1.0,0.0002577319587628866,0.0002577319587628866
confirmation,42008,tuned_schedule,2,5840,2.663421360270618,2.055610584886107,0.04168058224581042,0.19931506849315067,0.0827448735187831,0.0752556237218814,0.09008179959100204,0.0752556237218814,0.0,0.017123287671232876,0.35034246575342465,0.0,0.0827448735187831,0.0752556237218814,0.09008179959100204,0.0752556237218814,0.0,0.017123287671232876,0.0,0.0
confirmation,42008,tuned_schedule,3,7820,2.1771224409799137,1.600657764907993,0.035470470680219246,0.13682864450127877,0.06528603706086329,0.05521472392638036,0.07515337423312884,0.05521472392638036,0.0,0.0,0.3245524296675192,0.0,0.06528603706086329,0.05521472392638036,0.07515337423312884,0.05521472392638036,0.0,0.0,0.0,0.0
confirmation,42008,tuned_schedule,4,9800,1.7478814676525642,1.2167064710539215,0.02615498877957235,0.07551020408163266,0.04276584867075665,0.030368098159509208,0.055163599182004086,0.030368098159509208,0.0,0.0,0.24061224489795918,0.0,0.04276584867075665,0.030368098159509208,0.055163599182004086,0.030368098159509208,0.0,0.0,0.0,0.0
confirmation,42008,tuned_schedule,5,11780,1.3956968004943358,0.9276756580495268,0.010622422402834541,0.03293718166383701,0.015183875481301711,0.0002044989775051076,0.030112474437627813,0.0002044989775051076,0.03225806451612903,0.0,0.07623089983022072,0.0,0.015183875481301711,0.0002044989775051076,0.030112474437627813,0.0002044989775051076,0.03225806451612903,0.0,0.0,0.0
confirmation,42009,entropy,1,3880,3.1209475719437156,2.532638317530917,0.0,0.20592783505154638,0.0,0.0,0.0,0.0,1.0,0.0,0.0005154639175257732,0.0,0.0,0.0,0.0,0.0,1.0,0.0,0.0,0.0
confirmation,42009,entropy,2,5840,2.625718634708287,2.0244019533673376,0.0,0.19863013698630136,0.0,0.0,0.0,0.0,1.0,0.0,0.00017123287671232877,0.0,0.0,0.0,0.0,0.0,1.0,0.0,0.0,0.0
confirmation,42009,entropy,3,7820,2.12632701755942,1.5010836157957306,0.0,0.15959079283887467,0.0,0.0,0.0,0.0,1.0,0.0,0.0,0.0,0.0,0.0,0.0,0.0,1.0,0.0,0.0,0.0
confirmation,42009,entropy,4,9800,1.706591800986504,1.147745637626064,0.0,0.0886734693877551,0.0,0.0,0.0,0.0,1.0,0.0,0.0,0.0,0.0,0.0,0.0,0.0,1.0,0.0,0.0,0.0
confirmation,42009,entropy,5,11780,1.3637465075695656,0.8815179665546061,0.0,0.046179966044142616,0.0,0.0,0.0,0.0,1.0,0.0,0.0,0.0,0.0,0.0,0.0,0.0,1.0,0.0,0.0,0.0
confirmation,42009,lite,1,3880,3.1542464764769544,2.580336361816249,0.04004427326390308,0.2327319587628866,0.05402925731864746,0.03196289192815542,0.07311127320124983,0.03270793567983901,0.0,0.0,0.18376288659793816,0.0,0.08813959273801981,0.031962891928155414,0.09676884798989138,0.09154064696884712,0.0,0.7422680412371134,0.0,0.0
confirmation,42009,lite,2,5840,2.6914985613667803,2.104225362816902,0.03899560590946464,0.22397260273972602,0.04807926135349977,0.02911794646308856,0.06480860491548157,0.030372952020258463,0.0,0.0,0.20804794520547945,0.0,0.0951689783053388,0.08654005983083121,0.09820064143290999,0.08654005983083121,0.0,0.9417808219178082,0.0017123287671232876,0.0
confirmation,42009,lite,3,7820,2.2204608919065625,1.634742197478214,0.031956219884748865,0.1829923273657289,0.044323722824864346,0.028003192520536225,0.05815824202164585,0.02912691220244034,0.0,0.0,0.21138107416879795,0.0,0.0909847906407752,0.06697381345370697,0.09740129292383945,0.06697381345370697,0.0,0.7161125319693095,0.011508951406649617,0.0
confirmation,42009,lite,4,9800,1.8058985174675377,1.2563669415152803,0.025496102180778236,0.10051020408163265,0.04174612007687402,0.027201086651259206,0.052505890663963224,0.031514358686359836,0.0,0.0,0.19846938775510203,0.0,0.08411647311750477,0.040070488644516476,0.09658285202746983,0.044975317450984154,0.0,0.5408163265306123,0.03142857142857143,0.0
confirmation,42009,lite,5,11780,1.4436989668623903,0.9672929962341166,0.019490605136743045,0.04592529711375212,0.03886894898441018,0.02348415773985422,0.049728114566469805,0.028411157129645523,0.0,0.0,0.21103565365025467,0.0,0.07766437164681118,0.038065615059409405,0.09485196495796293,0.038065615059409405,0.0,0.3735144312393888,0.05415959252971138,0.0
confirmation,42009,tuned_fixed,1,3880,3.1680184423923494,2.5967518373862983,0.04341720663437756,0.23840206185567012,0.10000000000000002,0.1,0.1,0.1,0.0,1.0,0.3283505154639175,0.0,0.10000000000000002,0.1,0.1,0.1,0.0,1.0,0.001288659793814433,0.0
confirmation,42009,tuned_fixed,2,5840,2.704582690274062,2.114532753621062,0.03723258733271687,0.22243150684931506,0.1,0.1,0.1,0.1,0.0,1.0,0.4131849315068493,0.0,0.1,0.1,0.1,0.1,0.0,1.0,0.0059931506849315065,0.0
confirmation,42009,tuned_fixed,3,7820,2.2402718981361147,1.66083921221516,0.030175539573425263,0.18439897698209717,0.10000000000000003,0.1,0.1,0.1,0.0,1.0,0.45,0.0,0.10000000000000003,0.1,0.1,0.1,0.0,1.0,0.02659846547314578,0.0
confirmation,42009,tuned_fixed,4,9800,1.8248067375835106,1.2687203573937318,0.023670007986533424,0.09683673469387755,0.1,0.1,0.1,0.1,0.0,1.0,0.4692857142857143,0.0,0.1,0.1,0.1,0.1,0.0,1.0,0.06387755102040817,0.0
confirmation,42009,tuned_fixed,5,11780,1.4640692469927976,0.9997242981590115,0.017480954703659714,0.04609507640067912,0.1,0.1,0.1,0.1,0.0,1.0,0.499490662139219,0.0,0.1,0.1,0.1,0.1,0.0,1.0,0.11757215619694397,0.0
confirmation,42009,tuned_schedule,1,3880,3.165848284283864,2.5936105804345044,0.04241871947104057,0.23608247422680412,0.09516818459722134,0.09028629856850717,0.1,0.09028629856850717,0.0,1.0,0.3185567010309278,0.0,0.09516818459722134,0.09028629856850717,0.1,0.09028629856850717,0.0,1.0,0.0002577319587628866,0.0
confirmation,42009,tuned_schedule,2,5840,2.6961972369519,2.1027325220303994,0.03659858723770923,0.19845890410958905,0.0827448735187831,0.0752556237218814,0.09008179959100204,0.0752556237218814,0.0,0.017123287671232876,0.3648972602739726,0.0,0.0827448735187831,0.0752556237218814,0.09008179959100204,0.0752556237218814,0.0,0.017123287671232876,0.00017123287671232877,0.0
confirmation,42009,tuned_schedule,3,7820,2.2184845662482866,1.631721287127346,0.031403427754836684,0.1475703324808184,0.06528603706086329,0.05521472392638036,0.07515337423312884,0.05521472392638036,0.0,0.0,0.3342710997442455,0.0,0.06528603706086329,0.05521472392638036,0.07515337423312884,0.05521472392638036,0.0,0.0,0.0,0.0
confirmation,42009,tuned_schedule,4,9800,1.7881800297450046,1.2326092379433768,0.02355599186205001,0.07755102040816327,0.04276584867075665,0.030368098159509208,0.055163599182004086,0.030368098159509208,0.0,0.0,0.23387755102040816,0.0,0.04276584867075665,0.030368098159509208,0.055163599182004086,0.030368098159509208,0.0,0.0,0.0,0.0
confirmation,42009,tuned_schedule,5,11780,1.4204986501934167,0.9471290380724015,0.009538141956807163,0.03302207130730051,0.015183875481301711,0.0002044989775051076,0.030112474437627813,0.0002044989775051076,0.03225806451612903,0.0,0.08743633276740238,0.0,0.015183875481301711,0.0002044989775051076,0.030112474437627813,0.0002044989775051076,0.03225806451612903,0.0,0.0,0.0
confirmation,42010,entropy,1,3880,3.1050649775672206,2.515926469847099,0.0,0.18144329896907216,0.0,0.0,0.0,0.0,1.0,0.0,0.0,0.0002577319587628866,0.0,0.0,0.0,0.0,1.0,0.0,0.0,0.0
confirmation,42010,entropy,2,5840,2.592800211232819,1.9546569508232483,0.0,0.18784246575342467,0.0,0.0,0.0,0.0,1.0,0.0,0.0,0.0,0.0,0.0,0.0,0.0,1.0,0.0,0.0,0.0
confirmation,42010,entropy,3,7820,2.10341211901144,1.480733674657924,0.0,0.15,0.0,0.0,0.0,0.0,1.0,0.0,0.0,0.0,0.0,0.0,0.0,0.0,1.0,0.0,0.0,0.0
confirmation,42010,entropy,4,9800,1.692695198740278,1.142692863454624,0.0,0.09081632653061225,0.0,0.0,0.0,0.0,1.0,0.0,0.0,0.0,0.0,0.0,0.0,0.0,1.0,0.0,0.0,0.0
confirmation,42010,entropy,5,11780,1.35936485803441,0.8698509118451732,0.0,0.04499151103565365,0.0,0.0,0.0,0.0,1.0,0.0,0.0,0.0,0.0,0.0,0.0,0.0,1.0,0.0,0.0,0.0
confirmation,42010,lite,1,3880,3.139044621187387,2.56179129339985,0.04823144958525825,0.2154639175257732,0.058068684261822615,0.03173700314888278,0.07722690230897412,0.033160049191647875,0.0,0.0,0.16211340206185568,0.0002577319587628866,0.08944337702501287,0.031962891928155414,0.0978447493603544,0.09444301524019486,0.0,0.7680412371134021,0.0,0.0002577319587628866
confirmation,42010,lite,2,5840,2.6554578778882547,2.0366215583396285,0.04596970123776818,0.21575342465753425,0.050610511259052804,0.02981393601223819,0.06752843307120224,0.03191541202900015,0.0,0.0,0.19743150684931507,0.0,0.09690818281922553,0.09184898658994553,0.09878650896200436,0.09184898658994553,0.0,1.0,0.00034246575342465754,0.0
confirmation,42010,lite,3,7820,2.199194933157748,1.5957821366732077,0.03848939951655252,0.17608695652173914,0.0451731369855144,0.02625710233276637,0.06149841487732628,0.029732651355550185,0.0,0.0,0.20345268542199488,0.0,0.09352840159238351,0.06949431218018735,0.09850840212389778,0.06949431218018735,0.0,0.8056265984654731,0.009974424552429667,0.0
confirmation,42010,lite,4,9800,1.8004559937970979,1.243742658045827,0.030789407059680682,0.11081632653061224,0.043493273772741516,0.023296423112751832,0.05763978165943669,0.023781380733884076,0.0,0.0,0.20653061224489797,0.0,0.08635808620133949,0.042069306763481626,0.09799651849640759,0.042069306763481626,0.0,0.6326530612244898,0.03336734693877551,0.0
confirmation,42010,lite,5,11780,1.450033292872594,0.9700683805655138,0.023805201026375792,0.05398981324278438,0.040238156979110325,0.02000273441345492,0.054137774193966454,0.02702523708877847,0.0,0.0,0.20602716468590832,0.0,0.08015534454170724,0.03524016944318807,0.09681795070243467,0.03876142244189942,0.0,0.4838709677419355,0.05118845500848897,0.0
confirmation,42010,tuned_fixed,1,3880,3.153183393011388,2.577005528912102,0.052093927074842415,0.22654639175257732,0.10000000000000002,0.1,0.1,0.1,0.0,1.0,0.29149484536082476,0.0002577319587628866,0.10000000000000002,0.1,0.1,0.1,0.0,1.0,0.0005154639175257732,0.0
confirmation,42010,tuned_fixed,2,5840,2.6783163561192276,2.0715129265229995,0.04349104973340967,0.22945205479452055,0.1,0.1,0.1,0.1,0.0,1.0,0.3845890410958904,0.0,0.1,0.1,0.1,0.1,0.0,1.0,0.006506849315068493,0.0
confirmation,42010,tuned_fixed,3,7820,2.211796731259817,1.6242595380529419,0.03611691593408401,0.2006393861892583,0.10000000000000003,0.1,0.1,0.1,0.0,1.0,0.4309462915601023,0.0,0.10000000000000003,0.1,0.1,0.1,0.0,1.0,0.034398976982097186,0.0
confirmation,42010,tuned_fixed,4,9800,1.8167478562009578,1.2688162713634725,0.028685644988766246,0.11877551020408163,0.1,0.1,0.1,0.1,0.0,1.0,0.46938775510204084,0.0,0.1,0.1,0.1,0.1,0.0,1.0,0.08408163265306122,0.0
confirmation,42010,tuned_fixed,5,11780,1.4690775146913448,0.9890393689654274,0.02150242630306137,0.056281833616298814,0.1,0.1,0.1,0.1,0.0,1.0,0.5083191850594228,0.0,0.1,0.1,0.1,0.1,0.0,1.0,0.1296264855687606,0.0
confirmation,42010,tuned_schedule,1,3880,3.1515025811711537,2.5755313204735826,0.05114513047613672,0.21597938144329898,0.09516818459722134,0.09028629856850717,0.1,0.09028629856850717,0.0,1.0,0.2786082474226804,0.0002577319587628866,0.09516818459722134,0.09028629856850717,0.1,0.09028629856850717,0.0,1.0,0.0002577319587628866,0.0
confirmation,42010,tuned_schedule,2,5840,2.6620878156937966,2.0505635513834757,0.042402283121398245,0.1917808219178082,0.0827448735187831,0.0752556237218814,0.09008179959100204,0.0752556237218814,0.0,0.017123287671232876,0.336986301369863,0.0,0.0827448735187831,0.0752556237218814,0.09008179959100204,0.0752556237218814,0.0,0.017123287671232876,0.0,0.0
confirmation,42010,tuned_schedule,3,7820,2.192972006021863,1.5937994332874523,0.036734503293511175,0.13350383631713555,0.06528603706086329,0.05521472392638036,0.07515337423312884,0.05521472392638036,0.0,0.0,0.3167519181585678,0.0,0.06528603706086329,0.05521472392638036,0.07515337423312884,0.05521472392638036,0.0,0.0,0.0,0.0
confirmation,42010,tuned_schedule,4,9800,1.773576706258618,1.2150592541208072,0.027570030046531892,0.0796938775510204,0.04276584867075665,0.030368098159509208,0.055163599182004086,0.030368098159509208,0.0,0.0,0.2173469387755102,0.0,0.04276584867075665,0.030368098159509208,0.055163599182004086,0.030368098159509208,0.0,0.0,0.0,0.0
confirmation,42010,tuned_schedule,5,11780,1.4167981460766395,0.9318863510680725,0.011095150411667839,0.03964346349745331,0.015183875481301711,0.0002044989775051076,0.030112474437627813,0.0002044989775051076,0.03225806451612903,0.0,0.06757215619694397,0.0,0.015183875481301711,0.0002044989775051076,0.030112474437627813,0.0002044989775051076,0.03225806451612903,0.0,0.0,0.0
transfer,43001,entropy,1,3880,2.7645317487188223,2.1499891477761808,0.0,0.22603092783505155,0.0,0.0,0.0,0.0,1.0,0.0,0.0015463917525773195,0.0,0.0,0.0,0.0,0.0,1.0,0.0,0.0,0.0002577319587628866
transfer,43001,entropy,2,5840,2.231007859212895,1.570343890826996,0.0,0.11044520547945205,0.0,0.0,0.0,0.0,1.0,0.0,0.00017123287671232877,0.0,0.0,0.0,0.0,0.0,1.0,0.0,0.0,0.0
transfer,43001,entropy,3,7820,1.777076930790911,1.1929840831195606,0.0,0.06687979539641943,0.0,0.0,0.0,0.0,1.0,0.0,0.0,0.0,0.0,0.0,0.0,0.0,1.0,0.0,0.0,0.0
transfer,43001,entropy,4,9800,1.44390937834674,0.9600904244549421,0.0,0.03693877551020408,0.0,0.0,0.0,0.0,1.0,0.0,0.0,0.0,0.0,0.0,0.0,0.0,1.0,0.0,0.0,0.0
transfer,43001,entropy,5,11780,1.1891008226115554,0.7726521138323184,0.0,0.019100169779286927,0.0,0.0,0.0,0.0,1.0,0.0,0.0,0.0,0.0,0.0,0.0,0.0,1.0,0.0,0.0,0.0
transfer,43001,lite,1,3880,2.7983894745099174,2.198837058445842,0.03520975785585243,0.24561855670103092,0.06276582522603874,0.03196289192815542,0.07722040002816465,0.049697102323697895,0.0,0.0,0.10670103092783505,0.0,0.08590323053196007,0.031962891928155414,0.09486268862098793,0.08668404283658536,0.0,0.5412371134020618,0.001288659793814433,0.0002577319587628866
transfer,43001,lite,2,5840,2.278792154033707,1.6517134962016589,0.02989473555249934,0.11934931506849315,0.06053902202240865,0.04529805478904804,0.06981618389911652,0.046854584393128194,0.0,0.0,0.1261986301369863,0.0,0.08981762414679129,0.07802896099518719,0.09563566101274264,0.07876174798633725,0.0,0.5993150684931506,0.0056506849315068495,0.0
transfer,43001,lite,3,7820,1.8258345244333263,1.2404999213145518,0.021731393426243247,0.07058823529411765,0.05563064347249479,0.04026392004668616,0.06605109903842708,0.045681248838371144,0.0,0.0,0.13989769820971867,0.0,0.08277174590366568,0.06404977929997899,0.09284149226621889,0.06462952177474901,0.0,0.2813299232736573,0.01649616368286445,0.0
transfer,43001,lite,4,9800,1.4789171914421781,0.9936691610180601,0.014812140497793417,0.03948979591836735,0.05049890870309644,0.039241537904024626,0.060518046520080165,0.04202329048051684,0.0,0.0,0.14959183673469387,0.0,0.07427531265292726,0.05466951926334945,0.08676280321958324,0.056341810636655706,0.0,0.0,0.03438775510204082,0.0
transfer,43001,lite,5,11780,1.203133398372876,0.8002820175349814,0.009492327621043588,0.019864176570458403,0.04248495107675918,0.0286326975740469,0.05497082305309846,0.03381180883581891,0.0,0.0,0.18387096774193548,0.0,0.06480388662515912,0.043481116431946853,0.08039262784214678,0.04717465827547254,0.0,0.0,0.05797962648556876,0.0
transfer,43001,tuned_fixed,1,3880,2.8108975253768804,2.2111431341810324,0.03850860377263339,0.2554123711340206,0.10000000000000002,0.1,0.1,0.1,0.0,1.0,0.211340206185567,0.0,0.10000000000000002,0.1,0.1,0.1,0.0,1.0,0.003865979381443299,0.0
transfer,43001,tuned_fixed,2,5840,2.291190865227621,1.6710106848853907,0.02837667300042449,0.13150684931506848,0.1,0.1,0.1,0.1,0.0,1.0,0.2683219178082192,0.0,0.1,0.1,0.1,0.1,0.0,1.0,0.022945205479452054,0.0
transfer,43001,tuned_fixed,3,7820,1.8422510250297655,1.2700596587432316,0.02033227266256232,0.0819693094629156,0.10000000000000003,0.1,0.1,0.1,0.0,1.0,0.3040920716112532,0.0,0.10000000000000003,0.1,0.1,0.1,0.0,1.0,0.052685421994884914,0.0
transfer,43001,tuned_fixed,4,9800,1.4871325862590148,0.9978204959509324,0.013393526033861038,0.038469387755102044,0.1,0.1,0.1,0.1,0.0,1.0,0.3520408163265306,0.0,0.1,0.1,0.1,0.1,0.0,1.0,0.10908163265306123,0.0
transfer,43001,tuned_fixed,5,11780,1.2132636236542351,0.8080378200080884,0.008995174538413636,0.018760611205432938,0.1,0.1,0.1,0.1,0.0,1.0,0.4295415959252971,0.0,0.1,0.1,0.1,0.1,0.0,1.0,0.1802207130730051,0.0
transfer,43001,tuned_schedule,1,3880,2.809595199774221,2.2097910034287835,0.038092093369993564,0.2536082474226804,0.09516818459722134,0.09028629856850717,0.1,0.09028629856850717,0.0,1.0,0.1979381443298969,0.0,0.09516818459722134,0.09028629856850717,0.1,0.09028629856850717,0.0,1.0,0.0018041237113402063,0.0
transfer,43001,tuned_schedule,2,5840,2.2926074561395056,1.6526040953316101,0.02925359608487718,0.12037671232876712,0.0827448735187831,0.0752556237218814,0.09008179959100204,0.0752556237218814,0.0,0.017123287671232876,0.21232876712328766,0.0,0.0827448735187831,0.0752556237218814,0.09008179959100204,0.0752556237218814,0.0,0.017123287671232876,0.0032534246575342467,0.0
transfer,43001,tuned_schedule,3,7820,1.8336381977095324,1.2462239045926067,0.022003019577734432,0.07097186700767263,0.06528603706086329,0.05521472392638036,0.07515337423312884,0.05521472392638036,0.0,0.0,0.1934782608695652,0.0,0.06528603706086329,0.05521472392638036,0.07515337423312884,0.05521472392638036,0.0,0.0,0.0014066496163682865,0.0
transfer,43001,tuned_schedule,4,9800,1.4713972989576203,0.9798910139774789,0.014395959878986559,0.032040816326530615,0.04276584867075665,0.030368098159509208,0.055163599182004086,0.030368098159509208,0.0,0.0,0.15857142857142856,0.0,0.04276584867075665,0.030368098159509208,0.055163599182004086,0.030368098159509208,0.0,0.0,0.00010204081632653062,0.0
transfer,43001,tuned_schedule,5,11780,1.1978320320767741,0.791087401287665,0.005639094984929591,0.017487266553480475,0.015183875481301711,0.0002044989775051076,0.030112474437627813,0.0002044989775051076,0.03225806451612903,0.0,0.07801358234295416,0.0,0.015183875481301711,0.0002044989775051076,0.030112474437627813,0.0002044989775051076,0.03225806451612903,0.0,8.488964346349746e-05,0.0
transfer,43002,entropy,1,3880,2.7602929265843223,2.1187103949871258,0.0,0.23530927835051546,0.0,0.0,0.0,0.0,1.0,0.0,0.0005154639175257732,0.0,0.0,0.0,0.0,0.0,1.0,0.0,0.0,0.0
transfer,43002,entropy,2,5840,2.248459862519617,1.605539366398772,0.0,0.11575342465753424,0.0,0.0,0.0,0.0,1.0,0.0,0.0,0.0,0.0,0.0,0.0,0.0,1.0,0.0,0.0,0.0
transfer,43002,entropy,3,7820,1.7898392642245573,1.2088557626585217,0.0,0.06687979539641943,0.0,0.0,0.0,0.0,1.0,0.0,0.0,0.0,0.0,0.0,0.0,0.0,1.0,0.0,0.0,0.0
transfer,43002,entropy,4,9800,1.457128703046818,0.9614986441573318,0.0,0.04112244897959184,0.0,0.0,0.0,0.0,1.0,0.0,0.0,0.0,0.0,0.0,0.0,0.0,1.0,0.0,0.0,0.0
transfer,43002,entropy,5,11780,1.1943375712010775,0.779325744039134,0.0,0.018081494057724957,0.0,0.0,0.0,0.0,1.0,0.0,0.0,0.0,0.0,0.0,0.0,0.0,1.0,0.0,0.0,0.0
transfer,43002,lite,1,3880,2.798376941680908,2.1758680251455798,0.038622490992245205,0.2579896907216495,0.06344412010802146,0.03196289192815542,0.07506371315003747,0.04853315125938547,0.0,0.0,0.10283505154639175,0.0,0.08708247301259239,0.031962891928155414,0.0958052925583722,0.08913150472236503,0.0,0.7216494845360825,0.0005154639175257732,0.0
transfer,43002,lite,2,5840,2.307264690958474,1.6813378636151144,0.03478086638314147,0.12071917808219178,0.061022094087775904,0.046828709309835764,0.07248750335123363,0.046828709309835764,0.0,0.0,0.12071917808219178,0.0,0.0923696860972797,0.08220589344356594,0.09685141496364845,0.0822675039533272,0.0,0.7363013698630136,0.0013698630136986301,0.0
transfer,43002,lite,3,7820,1.8517277939773886,1.277306808687537,0.025607319446445453,0.07621483375959079,0.05679159203866916,0.04267192284369469,0.0670663738669562,0.04278180623695926,0.0,0.0,0.13248081841432224,0.0,0.08642208557342719,0.06890607809415573,0.09438428299385077,0.06977028793796744,0.0,0.46035805626598464,0.01278772378516624,0.0
transfer,43002,lite,4,9800,1.4966107988935344,0.9958816930347559,0.017134421638484176,0.04244897959183674,0.05174406948534926,0.038665588398733325,0.06177926193253439,0.041944518729946756,0.0,0.0,0.14010204081632652,0.0,0.07749384158475651,0.058231731864479545,0.08935654000829993,0.058235179812777815,0.0,0.0,0.03316326530612245,0.0
transfer,43002,lite,5,11780,1.218686345333458,0.801808238940247,0.011238717415394232,0.020118845500848897,0.04563980239169894,0.033575493114879736,0.056595121294942416,0.038465225309690806,0.0,0.0,0.17826825127334464,0.0,0.0683385006248934,0.04804217762629389,0.08259675929379616,0.05332473832917611,0.0,0.0,0.05933786078098472,0.0
transfer,43002,tuned_fixed,1,3880,2.809243044195716,2.1880029894641995,0.042083038526860427,0.2615979381443299,0.10000000000000002,0.1,0.1,0.1,0.0,1.0,0.20077319587628867,0.0,0.10000000000000002,0.1,0.1,0.1,0.0,1.0,0.0023195876288659794,0.0
transfer,43002,tuned_fixed,2,5840,2.3205648447144522,1.6845578102216328,0.0326398083522958,0.12756849315068494,0.1,0.1,0.1,0.1,0.0,1.0,0.2542808219178082,0.0,0.1,0.1,0.1,0.1,0.0,1.0,0.011301369863013699,0.0
transfer,43002,tuned_fixed,3,7820,1.8651878707244267,1.284922724032341,0.02296270176435243,0.07685421994884911,0.10000000000000003,0.1,0.1,0.1,0.0,1.0,0.30562659846547313,0.0,0.10000000000000003,0.1,0.1,0.1,0.0,1.0,0.05063938618925831,0.0
transfer,43002,tuned_fixed,4,9800,1.5085767706742093,1.0066742024859603,0.015446382733336232,0.05030612244897959,0.1,0.1,0.1,0.1,0.0,1.0,0.3464285714285714,0.0,0.1,0.1,0.1,0.1,0.0,1.0,0.09938775510204081,0.0
transfer,43002,tuned_fixed,5,11780,1.2250246866044852,0.8037527885117232,0.010391090205311858,0.020797962648556875,0.1,0.1,0.1,0.1,0.0,1.0,0.4123938879456706,0.0,0.1,0.1,0.1,0.1,0.0,1.0,0.166213921901528,0.0
transfer,43002,tuned_schedule,1,3880,2.806968442342945,2.185071061566933,0.041613132659553756,0.2615979381443299,0.09516818459722134,0.09028629856850717,0.1,0.09028629856850717,0.0,1.0,0.18530927835051547,0.0,0.09516818459722134,0.09028629856850717,0.1,0.09028629856850717,0.0,1.0,0.001288659793814433,0.0
transfer,43002,tuned_schedule,2,5840,2.3152801405077112,1.6998959902214676,0.03305120982340419,0.11815068493150685,0.0827448735187831,0.0752556237218814,0.09008179959100204,0.0752556237218814,0.0,0.017123287671232876,0.21438356164383562,0.0,0.0827448735187831,0.0752556237218814,0.09008179959100204,0.0752556237218814,0.0,0.017123287671232876,0.0006849315068493151,0.0
transfer,43002,tuned_schedule,3,7820,1.8512601493874474,1.2795398046293527,0.025504788468025605,0.06662404092071611,0.06528603706086329,0.05521472392638036,0.07515337423312884,0.05521472392638036,0.0,0.0,0.1887468030690537,0.0,0.06528603706086329,0.05521472392638036,0.07515337423312884,0.05521472392638036,0.0,0.0,0.0005115089514066496,0.0
transfer,43002,tuned_schedule,4,9800,1.4923605821388108,1.0020748277099765,0.017103155426928203,0.04010204081632653,0.04276584867075665,0.030368098159509208,0.055163599182004086,0.030368098159509208,0.0,0.0,0.13020408163265307,0.0,0.04276584867075665,0.030368098159509208,0.055163599182004086,0.030368098159509208,0.0,0.0,0.00020408163265306123,0.0
transfer,43002,tuned_schedule,5,11780,1.2158938756392847,0.8076331138813233,0.006477677893620476,0.017232597623089985,0.015183875481301711,0.0002044989775051076,0.030112474437627813,0.0002044989775051076,0.03225806451612903,0.0,0.06511035653650254,0.0,0.015183875481301711,0.0002044989775051076,0.030112474437627813,0.0002044989775051076,0.03225806451612903,0.0,0.0,0.0
transfer,43003,entropy,1,3880,2.779677249045716,2.1447881048487636,0.0,0.20670103092783504,0.0,0.0,0.0,0.0,1.0,0.0,0.0015463917525773195,0.0,0.0,0.0,0.0,0.0,1.0,0.0,0.0,0.0
transfer,43003,entropy,2,5840,2.26961554127605,1.6552594989946443,0.0,0.10051369863013698,0.0,0.0,0.0,0.0,1.0,0.0,0.0,0.0,0.0,0.0,0.0,0.0,1.0,0.0,0.0,0.0
transfer,43003,entropy,3,7820,1.8039606662662437,1.23726780167626,0.0,0.058312020460358056,0.0,0.0,0.0,0.0,1.0,0.0,0.0,0.0,0.0,0.0,0.0,0.0,1.0,0.0,0.0,0.0
transfer,43003,entropy,4,9800,1.4576665737099794,0.9580066194947885,0.0,0.03571428571428571,0.0,0.0,0.0,0.0,1.0,0.0,0.0,0.0,0.0,0.0,0.0,0.0,1.0,0.0,0.0,0.0
transfer,43003,entropy,5,11780,1.198502190213758,0.7805831109526202,0.0,0.017232597623089985,0.0,0.0,0.0,0.0,1.0,0.0,0.0,0.0,0.0,0.0,0.0,0.0,1.0,0.0,0.0,0.0
transfer,43003,lite,1,3880,2.815302822301068,2.193619302253133,0.03699061423822838,0.22938144329896906,0.05987425392570455,0.03196289192815542,0.07243918051168163,0.0438386640209332,0.0,0.0,0.12783505154639174,0.0,0.08685980694313644,0.031962891928155414,0.09536891821450445,0.08743849011430031,0.0,0.6701030927835051,0.0005154639175257732,0.0
transfer,43003,lite,2,5840,2.3239986122675136,1.7319348389155245,0.034258656197735236,0.12054794520547946,0.06052833904840218,0.04460190035202822,0.07150735469965089,0.05075051300069124,0.0,0.0,0.1232876712328767,0.0,0.09220309283788708,0.08417053023419638,0.09650958620820674,0.08441961371367766,0.0,0.7191780821917808,0.0025684931506849314,0.0
transfer,43003,lite,3,7820,1.860372750297227,1.2993992451206802,0.02466861388348358,0.06649616368286446,0.056338654422056086,0.04317360216366732,0.066514805844236,0.04659833472369548,0.0,0.0,0.14156010230179028,0.0,0.08668755583051592,0.07430093806058041,0.09451296053647204,0.07503734853348172,0.0,0.4219948849104859,0.009462915601023018,0.0
transfer,43003,lite,4,9800,1.497865354497822,1.005418400740137,0.016523313842279633,0.034183673469387756,0.05088740856057508,0.03692499340899234,0.062494567908918525,0.0416894390229742,0.0,0.0,0.15387755102040818,0.0,0.07712258358100733,0.05605514733388963,0.08934268116501887,0.057052542993325094,0.0,0.0,0.030510204081632655,0.0
transfer,43003,lite,5,11780,1.2210187279864362,0.8067982588943682,0.010836916416822776,0.017062818336162987,0.04431534046100054,0.028681143670285486,0.05480550521877176,0.03589826939012113,0.0,0.0,0.1828522920203735,0.0,0.0678032769743473,0.04481738743172261,0.08207426357454867,0.047737181911444035,0.0,0.0,0.05398981324278438,0.0
transfer,43003,tuned_fixed,1,3880,2.826619381296266,2.2073913136708367,0.04028107648989286,0.23530927835051546,0.10000000000000002,0.1,0.1,0.1,0.0,1.0,0.22963917525773195,0.0,0.10000000000000002,0.1,0.1,0.1,0.0,1.0,0.0023195876288659794,0.0
transfer,43003,tuned_fixed,2,5840,2.331234535125837,1.7323309293348494,0.032428805332393146,0.12602739726027398,0.1,0.1,0.1,0.1,0.0,1.0,0.2522260273972603,0.0,0.1,0.1,0.1,0.1,0.0,1.0,0.008561643835616438,0.0
transfer,43003,tuned_fixed,3,7820,1.867155913783766,1.299573897553222,0.02265678087268742,0.0748081841432225,0.10000000000000003,0.1,0.1,0.1,0.0,1.0,0.2932225063938619,0.0,0.10000000000000003,0.1,0.1,0.1,0.0,1.0,0.04028132992327366,0.0
transfer,43003,tuned_fixed,4,9800,1.5077160086193864,1.0210367570118029,0.015301024411778436,0.03836734693877551,0.1,0.1,0.1,0.1,0.0,1.0,0.34479591836734697,0.0,0.1,0.1,0.1,0.1,0.0,1.0,0.09826530612244898,0.0
transfer,43003,tuned_fixed,5,11780,1.2255353311731374,0.7988087940195825,0.010029424344480583,0.01799660441426146,0.1,0.1,0.1,0.1,0.0,1.0,0.4104414261460102,0.0,0.1,0.1,0.1,0.1,0.0,1.0,0.16876061120543293,0.0
transfer,43003,tuned_schedule,1,3880,2.826027479061146,2.206866487399819,0.03976841376873275,0.22835051546391752,0.09516818459722134,0.09028629856850717,0.1,0.09028629856850717,0.0,1.0,0.2231958762886598,0.0,0.09516818459722134,0.09028629856850717,0.1,0.09028629856850717,0.0,1.0,0.0015463917525773195,0.0
transfer,43003,tuned_schedule,2,5840,2.3275955602934917,1.745462672759409,0.03234673006471171,0.10976027397260274,0.0827448735187831,0.0752556237218814,0.09008179959100204,0.0752556237218814,0.0,0.017123287671232876,0.2125,0.0,0.0827448735187831,0.0752556237218814,0.09008179959100204,0.0752556237218814,0.0,0.017123287671232876,0.0017123287671232876,0.0
transfer,43003,tuned_schedule,3,7820,1.865067913297497,1.302139536956387,0.024046564010598483,0.056265984654731455,0.06528603706086329,0.05521472392638036,0.07515337423312884,0.05521472392638036,0.0,0.0,0.18887468030690538,0.0,0.06528603706086329,0.05521472392638036,0.07515337423312884,0.05521472392638036,0.0,0.0,0.0008951406649616369,0.0
transfer,43003,tuned_schedule,4,9800,1.4946062352097764,1.003415971021263,0.016477477673740526,0.03479591836734694,0.04276584867075665,0.030368098159509208,0.055163599182004086,0.030368098159509208,0.0,0.0,0.13908163265306123,0.0,0.04276584867075665,0.030368098159509208,0.055163599182004086,0.030368098159509208,0.0,0.0,0.0,0.0
transfer,43003,tuned_schedule,5,11780,1.213120743290779,0.7965848310795219,0.006414965259436678,0.01468590831918506,0.015183875481301711,0.0002044989775051076,0.030112474437627813,0.0002044989775051076,0.03225806451612903,0.0,0.06307300509337861,0.0,0.015183875481301711,0.0002044989775051076,0.030112474437627813,0.0002044989775051076,0.03225806451612903,0.0,0.0,0.0
transfer,43004,entropy,1,3880,2.7558392474024567,2.153526839521742,0.0,0.24510309278350514,0.0,0.0,0.0,0.0,1.0,0.0,0.0002577319587628866,0.0,0.0,0.0,0.0,0.0,1.0,0.0,0.0,0.0
transfer,43004,entropy,2,5840,2.2397297295805525,1.5854416979502326,0.0,0.1202054794520548,0.0,0.0,0.0,0.0,1.0,0.0,0.0,0.0,0.0,0.0,0.0,0.0,1.0,0.0,0.0,0.0
transfer,43004,entropy,3,7820,1.7776308646058792,1.2105459406247834,0.0,0.06611253196930947,0.0,0.0,0.0,0.0,1.0,0.0,0.0,0.0,0.0,0.0,0.0,0.0,1.0,0.0,0.0,0.0
transfer,43004,entropy,4,9800,1.4428726014069149,0.9575359401654224,0.0,0.03510204081632653,0.0,0.0,0.0,0.0,1.0,0.0,0.0,0.0,0.0,0.0,0.0,0.0,1.0,0.0,0.0,0.0
transfer,43004,entropy,5,11780,1.1814918912808032,0.7652294602883895,0.0,0.017062818336162987,0.0,0.0,0.0,0.0,1.0,0.0,0.0,0.0,0.0,0.0,0.0,0.0,1.0,0.0,0.0,0.0
transfer,43004,lite,1,3880,2.7923249667145544,2.2036671613909533,0.044425217615276576,0.2775773195876289,0.06736531160073603,0.03196289192815542,0.0801888550417922,0.05439465743426337,0.0,0.0,0.09381443298969072,0.0,0.08834744740165236,0.031962891928155414,0.09688287761304419,0.09253118428809774,0.0,0.7422680412371134,0.0,0.0002577319587628866
transfer,43004,lite,2,5840,2.295457712938524,1.6694955262419295,0.03836684506437524,0.13116438356164384,0.0634863829293433,0.04802465339133002,0.074749026565194,0.048914123925575516,0.0,0.0,0.11506849315068493,0.0,0.09344012060845265,0.08310109422983705,0.09772293102556291,0.08310109422983705,0.0,0.7876712328767124,0.002226027397260274,0.0
transfer,43004,lite,3,7820,1.833256618804334,1.2685949848131146,0.026654425879760343,0.07672634271099744,0.05932757279407269,0.04616709819843561,0.06994405834208697,0.050201687390160725,0.0,0.0,0.1262148337595908,0.0,0.08568127794211594,0.06566628169090621,0.09584556007380085,0.06680077893218647,0.0,0.4475703324808184,0.01751918158567775,0.0
transfer,43004,lite,4,9800,1.4832541732398832,0.994590111654632,0.017881214502529958,0.03959183673469388,0.054906293863518,0.0436084899093735,0.06636782806404036,0.04631055016837266,0.0,0.0,0.13938775510204082,0.0,0.07653127054509969,0.0498050288144059,0.09133387585793627,0.0498050288144059,0.0,0.1326530612244898,0.04285714285714286,0.0
transfer,43004,lite,5,11780,1.2065037311944977,0.7898429423722427,0.011888787179792113,0.017826825127334467,0.04822944967372957,0.033562810768899776,0.06013920847567314,0.03709014882946085,0.0,0.0,0.17139219015280135,0.0,0.06678127805938472,0.040545165483977914,0.08418662716646212,0.043899522647374886,0.0,0.0,0.06103565365025467,0.0
transfer,43004,tuned_fixed,1,3880,2.8034771959806224,2.2152722367306343,0.0481429873809796,0.2829896907216495,0.10000000000000002,0.1,0.1,0.1,0.0,1.0,0.18170103092783504,0.0,0.10000000000000002,0.1,0.1,0.1,0.0,1.0,0.0005154639175257732,0.0
transfer,43004,tuned_fixed,2,5840,2.307314165814282,1.6867530345916748,0.036963547231253814,0.13681506849315067,0.1,0.1,0.1,0.1,0.0,1.0,0.24554794520547946,0.0,0.1,0.1,0.1,0.1,0.0,1.0,0.006335616438356164,0.0
transfer,43004,tuned_fixed,3,7820,1.850800770437321,1.2893108333773016,0.024708410513779564,0.07864450127877237,0.10000000000000003,0.1,0.1,0.1,0.0,1.0,0.28312020460358056,0.0,0.10000000000000003,0.1,0.1,0.1,0.0,1.0,0.04680306905370844,0.0
transfer,43004,tuned_fixed,4,9800,1.4950146427689766,0.9988612228510331,0.016383196745872606,0.03938775510204082,0.1,0.1,0.1,0.1,0.0,1.0,0.32857142857142857,0.0,0.1,0.1,0.1,0.1,0.0,1.0,0.10540816326530612,0.0
transfer,43004,tuned_fixed,5,11780,1.214473166831584,0.7992381537001081,0.01083812695739646,0.018930390492359932,0.1,0.1,0.1,0.1,0.0,1.0,0.40679117147707977,0.0,0.1,0.1,0.1,0.1,0.0,1.0,0.1808149405772496,0.0
transfer,43004,tuned_schedule,1,3880,2.804112657812453,2.215683035629312,0.047442731198006904,0.27783505154639176,0.09516818459722134,0.09028629856850717,0.1,0.09028629856850717,0.0,1.0,0.16649484536082473,0.0,0.09516818459722134,0.09028629856850717,0.1,0.09028629856850717,0.0,1.0,0.0005154639175257732,0.0
transfer,43004,tuned_schedule,2,5840,2.2962666461729024,1.6762774398882094,0.036896488246771796,0.11917808219178082,0.0827448735187831,0.0752556237218814,0.09008179959100204,0.0752556237218814,0.0,0.017123287671232876,0.19297945205479453,0.0,0.0827448735187831,0.0752556237218814,0.09008179959100204,0.0752556237218814,0.0,0.017123287671232876,0.00034246575342465754,0.0
transfer,43004,tuned_schedule,3,7820,1.8287989942085408,1.2592857159921884,0.027627503597774623,0.07135549872122762,0.06528603706086329,0.05521472392638036,0.07515337423312884,0.05521472392638036,0.0,0.0,0.17084398976982096,0.0,0.06528603706086329,0.05521472392638036,0.07515337423312884,0.05521472392638036,0.0,0.0,0.0002557544757033248,0.0
transfer,43004,tuned_schedule,4,9800,1.4771143915884348,0.9836225333262463,0.01873617210084543,0.03612244897959184,0.04276584867075665,0.030368098159509208,0.055163599182004086,0.030368098159509208,0.0,0.0,0.1103061224489796,0.0,0.04276584867075665,0.030368098159509208,0.055163599182004086,0.030368098159509208,0.0,0.0,0.0,0.0
transfer,43004,tuned_schedule,5,11780,1.1969833937231673,0.7905367362377801,0.0072449230034153005,0.014940577249575551,0.015183875481301711,0.0002044989775051076,0.030112474437627813,0.0002044989775051076,0.03225806451612903,0.0,0.05033955857385399,0.0,0.015183875481301711,0.0002044989775051076,0.030112474437627813,0.0002044989775051076,0.03225806451612903,0.0,0.0,0.0
transfer,43005,entropy,1,3880,2.7598876244935795,2.1102155440861416,0.0,0.22938144329896906,0.0,0.0,0.0,0.0,1.0,0.0,0.0005154639175257732,0.0,0.0,0.0,0.0,0.0,1.0,0.0,0.0,0.0
transfer,43005,entropy,2,5840,2.2374318311271604,1.6193943317622355,0.0,0.12277397260273973,0.0,0.0,0.0,0.0,1.0,0.0,0.00017123287671232877,0.0,0.0,0.0,0.0,0.0,1.0,0.0,0.0,0.0
transfer,43005,entropy,3,7820,1.7874644500139119,1.1967967387355503,0.0,0.07122762148337596,0.0,0.0,0.0,0.0,1.0,0.0,0.0001278772378516624,0.0,0.0,0.0,0.0,0.0,1.0,0.0,0.0,0.0
transfer,43005,entropy,4,9800,1.4522879992638316,0.9642000063341492,0.0,0.03938775510204082,0.0,0.0,0.0,0.0,1.0,0.0,0.0,0.0,0.0,0.0,0.0,0.0,1.0,0.0,0.0,0.0
transfer,43005,entropy,5,11780,1.1891376908571287,0.7856877260985318,0.0,0.020543293718166385,0.0,0.0,0.0,0.0,1.0,0.0,0.0,0.0,0.0,0.0,0.0,0.0,1.0,0.0,0.0,0.0
transfer,43005,lite,1,3880,2.797710183846582,2.1647552952323994,0.04288421308048464,0.25051546391752577,0.06329547182883961,0.03196289192815542,0.0761223333768482,0.04904274329760179,0.0,0.0,0.10515463917525773,0.0,0.08831435253078875,0.031962891928155414,0.09693487197327266,0.09166620938414151,0.0,0.7680412371134021,0.0002577319587628866,0.0
transfer,43005,lite,2,5840,2.2930625534833293,1.664956512516492,0.03808496266234461,0.1440068493150685,0.059329442027434454,0.04705953242965665,0.0694104850314096,0.04705953242965665,0.0,0.0,0.12311643835616438,0.0,0.09410218208331264,0.08521517409612984,0.09778835718169088,0.08533707224266616,0.0,0.839041095890411,0.002054794520547945,0.0
transfer,43005,lite,3,7820,1.8468368771740848,1.2633520326650967,0.02770429024055156,0.08580562659846547,0.05565314394463122,0.041659618779649445,0.06606164201242266,0.04444790628593028,0.0,0.0,0.1350383631713555,0.0,0.08795882678259974,0.06854236657280606,0.09624548211896877,0.0687062042295949,0.0,0.5498721227621484,0.013938618925831201,0.0
transfer,43005,lite,4,9800,1.4919009152845462,0.9913277279357521,0.018274745569546787,0.0463265306122449,0.05061575028188725,0.036872089776285574,0.06280146860580565,0.036872089776285574,0.0,0.0,0.15989795918367347,0.0,0.07837326557278615,0.053225716338220985,0.09237495233727372,0.053225716338220985,0.0,0.22448979591836735,0.03704081632653061,0.0
transfer,43005,lite,5,11780,1.212629050352881,0.7997034597882593,0.011750063580778933,0.02037351443123939,0.04418238512902877,0.028766711865890974,0.05458256817311907,0.035281848463573795,0.0,0.0,0.18098471986417658,0.0,0.06829375768408774,0.046200902379936716,0.08563455105226551,0.04687861705083176,0.0,0.0,0.06536502546689305,0.0
transfer,43005,tuned_fixed,1,3880,2.808710194924443,2.176848788851315,0.04652770615276497,0.25644329896907214,0.10000000000000002,0.1,0.1,0.1,0.0,1.0,0.20902061855670104,0.0,0.10000000000000002,0.1,0.1,0.1,0.0,1.0,0.0007731958762886598,0.0
transfer,43005,tuned_fixed,2,5840,2.3101609136347903,1.6952695964950404,0.0369446916174932,0.14075342465753424,0.1,0.1,0.1,0.1,0.0,1.0,0.27071917808219176,0.0,0.1,0.1,0.1,0.1,0.0,1.0,0.0056506849315068495,0.0
transfer,43005,tuned_fixed,3,7820,1.8538390030717606,1.2618757344572746,0.026439657396633457,0.08657289002557544,0.10000000000000003,0.1,0.1,0.1,0.0,1.0,0.30485933503836316,0.0,0.10000000000000003,0.1,0.1,0.1,0.0,1.0,0.03337595907928389,0.0
transfer,43005,tuned_fixed,4,9800,1.5025975391147088,0.9988944968398736,0.01693035425569608,0.04510204081632653,0.1,0.1,0.1,0.1,0.0,1.0,0.35816326530612247,0.0,0.1,0.1,0.1,0.1,0.0,1.0,0.0963265306122449,0.0
transfer,43005,tuned_fixed,5,11780,1.2175309833651489,0.800956999860919,0.01095193229976851,0.021137521222410867,0.1,0.1,0.1,0.1,0.0,1.0,0.4330220713073005,0.0,0.1,0.1,0.1,0.1,0.0,1.0,0.16816638370118844,0.0
transfer,43005,tuned_schedule,1,3880,2.8095319410882045,2.176799817183583,0.04570823524124685,0.2520618556701031,0.09516818459722134,0.09028629856850717,0.1,0.09028629856850717,0.0,1.0,0.19639175257731958,0.0,0.09516818459722134,0.09028629856850717,0.1,0.09028629856850717,0.0,1.0,0.0005154639175257732,0.0
transfer,43005,tuned_schedule,2,5840,2.2976614561391204,1.679570932502616,0.036252665055421164,0.13595890410958905,0.0827448735187831,0.0752556237218814,0.09008179959100204,0.0752556237218814,0.0,0.017123287671232876,0.21746575342465754,0.0,0.0827448735187831,0.0752556237218814,0.09008179959100204,0.0752556237218814,0.0,0.017123287671232876,0.00034246575342465754,0.0
transfer,43005,tuned_schedule,3,7820,1.846579131438299,1.2527391352616917,0.0279499984075431,0.07519181585677749,0.06528603706086329,0.05521472392638036,0.07515337423312884,0.05521472392638036,0.0,0.0,0.1985933503836317,0.0,0.06528603706086329,0.05521472392638036,0.07515337423312884,0.05521472392638036,0.0,0.0,0.0002557544757033248,0.0
transfer,43005,tuned_schedule,4,9800,1.4869550878235271,0.9883155028430783,0.01863161829179429,0.03877551020408163,0.04276584867075665,0.030368098159509208,0.055163599182004086,0.030368098159509208,0.0,0.0,0.1436734693877551,0.0,0.04276584867075665,0.030368098159509208,0.055163599182004086,0.030368098159509208,0.0,0.0,0.0,0.0
transfer,43005,tuned_schedule,5,11780,1.2034871259245685,0.7964912285626643,0.007179510071942471,0.017487266553480475,0.015183875481301711,0.0002044989775051076,0.030112474437627813,0.0002044989775051076,0.03225806451612903,0.0,0.06553480475382004,0.0,0.015183875481301711,0.0002044989775051076,0.030112474437627813,0.0002044989775051076,0.03225806451612903,0.0,0.0,0.0
transfer,43006,entropy,1,3880,2.7442151560918573,2.089698846192704,0.0,0.23685567010309277,0.0,0.0,0.0,0.0,1.0,0.0,0.0005154639175257732,0.0,0.0,0.0,0.0,0.0,1.0,0.0,0.0,0.0002577319587628866
transfer,43006,entropy,2,5840,2.2358654383110674,1.5954576930771136,0.0,0.1160958904109589,0.0,0.0,0.0,0.0,1.0,0.0,0.0,0.0,0.0,0.0,0.0,0.0,1.0,0.0,0.0,0.0
transfer,43006,entropy,3,7820,1.789216979492046,1.2085267337386871,0.0,0.06930946291560103,0.0,0.0,0.0,0.0,1.0,0.0,0.0,0.0,0.0,0.0,0.0,0.0,1.0,0.0,0.0,0.0
transfer,43006,entropy,4,9800,1.4585127935817046,0.9568358948644327,0.0,0.038469387755102044,0.0,0.0,0.0,0.0,1.0,0.0,0.0,0.0,0.0,0.0,0.0,0.0,1.0,0.0,0.0,0.0
transfer,43006,entropy,5,11780,1.1959713260315876,0.7892537651827056,0.0,0.01960950764006791,0.0,0.0,0.0,0.0,1.0,0.0,0.0,0.0,0.0,0.0,0.0,0.0,1.0,0.0,0.0,0.0
transfer,43006,lite,1,3880,2.7828225721096254,2.146329879760742,0.039902859128508765,0.2600515463917526,0.06323163834601854,0.03196289192815542,0.07744926673903789,0.04914406259403199,0.0,0.0,0.1,0.0,0.08740571966924555,0.031962891928155414,0.09626889486045975,0.08907496281550796,0.0,0.6958762886597938,0.001288659793814433,0.0002577319587628866
transfer,43006,lite,2,5840,2.2947333416097786,1.6770505190712133,0.03457407793486291,0.13202054794520549,0.06118894097033489,0.046188608199056305,0.07192205985509148,0.046188608199056305,0.0,0.0,0.11643835616438356,0.0,0.0919988538140246,0.07869933456000822,0.09695215497226728,0.07869933456000822,0.0,0.7363013698630136,0.004452054794520548,0.0
transfer,43006,lite,3,7820,1.8408290327586176,1.2692314111973013,0.025009364219849194,0.07352941176470588,0.056889817497024736,0.0436227631900797,0.06842579550200839,0.045093176926725556,0.0,0.0,0.1264705882352941,0.0,0.08513099304660346,0.06122412141609617,0.0949184547748136,0.06122412141609617,0.0,0.46035805626598464,0.020076726342710998,0.0
transfer,43006,lite,4,9800,1.4897674606345137,0.9890001580423239,0.017483763432379246,0.04255102040816326,0.05282471013706354,0.04201839640825046,0.06117894604646462,0.04608439843745997,0.0,0.0,0.13826530612244897,0.0,0.07693179518731547,0.05512638113191605,0.0904969922717496,0.05563814767043058,0.0,0.05102040816326531,0.03989795918367347,0.0
transfer,43006,lite,5,11780,1.214788033928349,0.8131293180336977,0.01139581424867434,0.019100169779286927,0.04629265838262719,0.034156367619225365,0.05740061372357659,0.03961857299855528,0.0,0.0,0.16850594227504245,0.0,0.06712667756726035,0.044770546753375245,0.08447467318267671,0.04766452905508051,0.0,0.0,0.06528013582342954,0.0
transfer,43006,tuned_fixed,1,3880,2.7950051760550627,2.159578268060979,0.04373817538955646,0.2615979381443299,0.10000000000000002,0.1,0.1,0.1,0.0,1.0,0.19716494845360824,0.0,0.10000000000000002,0.1,0.1,0.1,0.0,1.0,0.0015463917525773195,0.0
transfer,43006,tuned_fixed,2,5840,2.3089153155786533,1.6833931683269265,0.03504813214692297,0.12585616438356165,0.1,0.1,0.1,0.1,0.0,1.0,0.25273972602739725,0.0,0.1,0.1,0.1,0.1,0.0,1.0,0.007020547945205479,0.0
transfer,43006,tuned_fixed,3,7820,1.8596370850835005,1.2720643060896404,0.025187943610921124,0.07493606138107417,0.10000000000000003,0.1,0.1,0.1,0.0,1.0,0.29130434782608694,0.0,0.10000000000000003,0.1,0.1,0.1,0.0,1.0,0.03030690537084399,0.0
transfer,43006,tuned_fixed,4,9800,1.5010304424105858,1.0017392156075458,0.01670370039320544,0.04030612244897959,0.1,0.1,0.1,0.1,0.0,1.0,0.3298979591836735,0.0,0.1,0.1,0.1,0.1,0.0,1.0,0.08163265306122448,0.0
transfer,43006,tuned_fixed,5,11780,1.2214809866682175,0.8134174557918199,0.010592406475047927,0.018505942275042445,0.1,0.1,0.1,0.1,0.0,1.0,0.4095925297113752,0.0,0.1,0.1,0.1,0.1,0.0,1.0,0.15772495755517826,0.0
transfer,43006,tuned_schedule,1,3880,2.7936527636555053,2.1569675330034235,0.042947680618847336,0.26469072164948454,0.09516818459722134,0.09028629856850717,0.1,0.09028629856850717,0.0,1.0,0.18994845360824741,0.0,0.09516818459722134,0.09028629856850717,0.1,0.09028629856850717,0.0,1.0,0.001288659793814433,0.0
transfer,43006,tuned_schedule,2,5840,2.297125516056198,1.6712249019374585,0.034065614384942176,0.11815068493150685,0.0827448735187831,0.0752556237218814,0.09008179959100204,0.0752556237218814,0.0,0.017123287671232876,0.1969178082191781,0.0,0.0827448735187831,0.0752556237218814,0.09008179959100204,0.0752556237218814,0.0,0.017123287671232876,0.0010273972602739725,0.0
transfer,43006,tuned_schedule,3,7820,1.8495000689307137,1.265522194945294,0.02570145575404654,0.06969309462915602,0.06528603706086329,0.05521472392638036,0.07515337423312884,0.05521472392638036,0.0,0.0,0.17557544757033247,0.0,0.06528603706086329,0.05521472392638036,0.07515337423312884,0.05521472392638036,0.0,0.0,0.0002557544757033248,0.0
transfer,43006,tuned_schedule,4,9800,1.486222725902893,0.9856107064047638,0.01739913333517414,0.035510204081632656,0.04276584867075665,0.030368098159509208,0.055163599182004086,0.030368098159509208,0.0,0.0,0.1279591836734694,0.0,0.04276584867075665,0.030368098159509208,0.055163599182004086,0.030368098159509208,0.0,0.0,0.00010204081632653062,0.0
transfer,43006,tuned_schedule,5,11780,1.207678469567732,0.8025818660425209,0.006714253727777497,0.017062818336162987,0.015183875481301711,0.0002044989775051076,0.030112474437627813,0.0002044989775051076,0.03225806451612903,0.0,0.056791171477079794,0.0,0.015183875481301711,0.0002044989775051076,0.030112474437627813,0.0002044989775051076,0.03225806451612903,0.0,8.488964346349746e-05,0.0
transfer,43007,entropy,1,3880,2.751991159461208,2.0978509488793993,0.0,0.25103092783505154,0.0,0.0,0.0,0.0,1.0,0.0,0.0002577319587628866,0.0,0.0,0.0,0.0,0.0,1.0,0.0,0.0,0.0
transfer,43007,entropy,2,5840,2.241470531119059,1.6053354131848845,0.0,0.11421232876712328,0.0,0.0,0.0,0.0,1.0,0.0,0.0,0.0,0.0,0.0,0.0,0.0,1.0,0.0,0.0,0.0
transfer,43007,entropy,3,7820,1.7876907475921504,1.2110696764248412,0.0,0.07493606138107417,0.0,0.0,0.0,0.0,1.0,0.0,0.0,0.0,0.0,0.0,0.0,0.0,1.0,0.0,0.0,0.0
transfer,43007,entropy,4,9800,1.44679437590801,0.9529794313469712,0.0,0.035816326530612244,0.0,0.0,0.0,0.0,1.0,0.0,0.0,0.0,0.0,0.0,0.0,0.0,1.0,0.0,0.0,0.0
transfer,43007,entropy,5,11780,1.1854714122966108,0.7747390827319011,0.0,0.015280135823429542,0.0,0.0,0.0,0.0,1.0,0.0,0.0,0.0,0.0,0.0,0.0,0.0,1.0,0.0,0.0,0.0
transfer,43007,lite,1,3880,2.7876435663589496,2.1449751491399156,0.0385294696679438,0.2755154639175258,0.0643287551846218,0.03196289192815542,0.07846116917684602,0.045474826050586406,0.0,0.0,0.1077319587628866,0.0,0.08685680401011053,0.031962891928155414,0.09580555274083519,0.08883744969931372,0.0,0.6443298969072165,0.0,0.0
transfer,43007,lite,2,5840,2.293474366485256,1.6653697735642734,0.0348016591549932,0.12962328767123288,0.06090583510755765,0.04374455446299949,0.07294951106543494,0.04908626534223659,0.0,0.0,0.11438356164383562,0.0,0.09247614228132049,0.08425797303033317,0.09658758263770643,0.08513164647206936,0.0,0.7534246575342466,0.0013698630136986301,0.0
transfer,43007,lite,3,7820,1.836364110793604,1.269871481696663,0.025597853002877532,0.07442455242966751,0.05751116650212691,0.045928379744582304,0.06844187493724405,0.04736668014039362,0.0,0.0,0.12749360613810742,0.0,0.08642000348150004,0.0692264910193193,0.09431072836696956,0.07100032090245496,0.0,0.4731457800511509,0.011253196930946292,0.0
transfer,43007,lite,4,9800,1.483758447705483,0.9931561645196408,0.016467825293495116,0.037959183673469385,0.05102564870511435,0.0364842547046915,0.06363419194965467,0.03832648758300005,0.0,0.0,0.15091836734693878,0.0,0.07593676596807877,0.05542909332966173,0.08996057880027002,0.05825283458599097,0.0,0.0,0.03612244897959184,0.0
transfer,43007,lite,5,11780,1.2072489334083778,0.793746929116079,0.01055882957066122,0.01825127334465195,0.045447973258929124,0.0311692955784856,0.057055156370432965,0.03398163176831049,0.0,0.0,0.18234295415959254,0.0,0.06618984713844048,0.04348832230265092,0.0814656916053714,0.046468673602869236,0.0,0.0,0.06765704584040746,0.0
transfer,43007,tuned_fixed,1,3880,2.799929178283387,2.156318778844224,0.041535857381436905,0.28324742268041236,0.10000000000000002,0.1,0.1,0.1,0.0,1.0,0.20438144329896907,0.0,0.10000000000000002,0.1,0.1,0.1,0.0,1.0,0.0023195876288659794,0.0
transfer,43007,tuned_fixed,2,5840,2.3104962766578754,1.6927352188384697,0.03356651418224848,0.13715753424657534,0.1,0.1,0.1,0.1,0.0,1.0,0.24863013698630138,0.0,0.1,0.1,0.1,0.1,0.0,1.0,0.008047945205479452,0.0
transfer,43007,tuned_fixed,3,7820,1.8624546257431245,1.2846538419918636,0.02417115849637199,0.07250639386189259,0.10000000000000003,0.1,0.1,0.1,0.0,1.0,0.29002557544757035,0.0,0.10000000000000003,0.1,0.1,0.1,0.0,1.0,0.03312020460358056,0.0
transfer,43007,tuned_fixed,4,9800,1.4960275580262652,0.999436155873902,0.015630889846215808,0.04153061224489796,0.1,0.1,0.1,0.1,0.0,1.0,0.35336734693877553,0.0,0.1,0.1,0.1,0.1,0.0,1.0,0.08755102040816326,0.0
transfer,43007,tuned_fixed,5,11780,1.2124544386674472,0.808608693056479,0.01028128294485693,0.01935483870967742,0.1,0.1,0.1,0.1,0.0,1.0,0.41502546689303904,0.0,0.1,0.1,0.1,0.1,0.0,1.0,0.1572156196943973,0.0
transfer,43007,tuned_schedule,1,3880,2.7972690838821155,2.153056811426104,0.0411316053196171,0.2804123711340206,0.09516818459722134,0.09028629856850717,0.1,0.09028629856850717,0.0,1.0,0.1940721649484536,0.0,0.09516818459722134,0.09028629856850717,0.1,0.09028629856850717,0.0,1.0,0.001288659793814433,0.0
transfer,43007,tuned_schedule,2,5840,2.298955478590645,1.6770815649261213,0.03274688185900802,0.12654109589041096,0.0827448735187831,0.0752556237218814,0.09008179959100204,0.0752556237218814,0.0,0.017123287671232876,0.20308219178082193,0.0,0.0827448735187831,0.0752556237218814,0.09008179959100204,0.0752556237218814,0.0,0.017123287671232876,0.0013698630136986301,0.0
transfer,43007,tuned_schedule,3,7820,1.840811398251892,1.2793014628807906,0.024967415564127203,0.06982097186700767,0.06528603706086329,0.05521472392638036,0.07515337423312884,0.05521472392638036,0.0,0.0,0.1867007672634271,0.0,0.06528603706086329,0.05521472392638036,0.07515337423312884,0.05521472392638036,0.0,0.0,0.0006393861892583121,0.0
transfer,43007,tuned_schedule,4,9800,1.4847235031182668,1.0016730298801344,0.01658961415905122,0.03693877551020408,0.04276584867075665,0.030368098159509208,0.055163599182004086,0.030368098159509208,0.0,0.0,0.1236734693877551,0.0,0.04276584867075665,0.030368098159509208,0.055163599182004086,0.030368098159509208,0.0,0.0,0.00020408163265306123,0.0
transfer,43007,tuned_schedule,5,11780,1.2044514959554722,0.8014771816382383,0.006322376009345624,0.016553480475382003,0.015183875481301711,0.0002044989775051076,0.030112474437627813,0.0002044989775051076,0.03225806451612903,0.0,0.06171477079796265,0.0,0.015183875481301711,0.0002044989775051076,0.030112474437627813,0.0002044989775051076,0.03225806451612903,0.0,8.488964346349746e-05,0.0
transfer,43008,entropy,1,3880,2.747043008749018,2.0972613090092374,0.0,0.21881443298969072,0.0,0.0,0.0,0.0,1.0,0.0,0.0005154639175257732,0.0,0.0,0.0,0.0,0.0,1.0,0.0,0.0,0.0
transfer,43008,entropy,2,5840,2.232204213432253,1.605425528875769,0.0,0.1065068493150685,0.0,0.0,0.0,0.0,1.0,0.0,0.0,0.0,0.0,0.0,0.0,0.0,1.0,0.0,0.0,0.0
transfer,43008,entropy,3,7820,1.7888379578547708,1.2034662815615953,0.0,0.06086956521739131,0.0,0.0,0.0,0.0,1.0,0.0,0.0,0.0,0.0,0.0,0.0,0.0,1.0,0.0,0.0,0.0
transfer,43008,entropy,4,9800,1.4604912852632757,0.9764851264807642,0.0,0.03295918367346939,0.0,0.0,0.0,0.0,1.0,0.0,0.0,0.0,0.0,0.0,0.0,0.0,1.0,0.0,0.0,0.0
transfer,43008,entropy,5,11780,1.198308981271976,0.7906078375458515,0.0,0.01629881154499151,0.0,0.0,0.0,0.0,1.0,0.0,0.0,0.0,0.0,0.0,0.0,0.0,1.0,0.0,0.0,0.0
transfer,43008,lite,1,3880,2.7841365314943274,2.150135943570088,0.03606830471595644,0.24304123711340206,0.06568548849574624,0.03196289192815542,0.07955019585808883,0.048597828157507905,0.0,0.0,0.1,0.0,0.08524640824225885,0.031962891928155414,0.0952992277322713,0.080806387348571,0.0,0.4896907216494845,0.004381443298969072,0.0
transfer,43008,lite,2,5840,2.2915737259673747,1.6755540342363593,0.030537426139826133,0.1284246575342466,0.06221668304678694,0.049130844548469534,0.07359971182821627,0.05248067866564756,0.0,0.0,0.1172945205479452,0.0,0.08810975804882602,0.0675611598662709,0.09598682935725912,0.0675611598662709,0.0,0.5821917808219178,0.01523972602739726,0.0
transfer,43008,lite,3,7820,1.856147609365261,1.2799152245606913,0.023175897558336586,0.06611253196930947,0.0573485022144662,0.04140690484527998,0.06828793814122625,0.04406582447407496,0.0,0.0,0.13618925831202047,0.0,0.08227667381624752,0.05738457567941859,0.09399262670522598,0.05974421903747028,0.0,0.3836317135549872,0.021739130434782608,0.0
transfer,43008,lite,4,9800,1.5013585567322312,0.9988944881424612,0.016816602612609248,0.034081632653061224,0.05332549022885067,0.040033885018282624,0.06486919465042376,0.04680898972987689,0.0,0.0,0.1445918367346939,0.0,0.07568144973947159,0.05485941429632693,0.08924029926164732,0.058447735661708265,0.0,0.0,0.03683673469387755,0.0
transfer,43008,lite,5,11780,1.2211411928229907,0.8197897683278814,0.011026336744120239,0.016808149405772497,0.04675957036484815,0.03345044952862642,0.059144560827210174,0.03882696643401192,0.0,0.0,0.17775891341256367,0.0,0.06694550395337243,0.04391426402713741,0.08191993627680519,0.046766813001277635,0.0,0.0,0.061799660441426145,0.0
transfer,43008,tuned_fixed,1,3880,2.7948249468176636,2.1598574721936097,0.03834214505072719,0.25618556701030926,0.10000000000000002,0.1,0.1,0.1,0.0,1.0,0.18608247422680413,0.0,0.10000000000000002,0.1,0.1,0.1,0.0,1.0,0.01907216494845361,0.0
transfer,43008,tuned_fixed,2,5840,2.3091460398615222,1.6851239633070279,0.02854553073722349,0.13219178082191782,0.1,0.1,0.1,0.1,0.0,1.0,0.24434931506849314,0.0,0.1,0.1,0.1,0.1,0.0,1.0,0.04041095890410959,0.0
transfer,43008,tuned_fixed,3,7820,1.8736942445378169,1.2938378383131588,0.02116972306836991,0.07186700767263426,0.10000000000000003,0.1,0.1,0.1,0.0,1.0,0.2925831202046036,0.0,0.10000000000000003,0.1,0.1,0.1,0.0,1.0,0.07148337595907929,0.0
transfer,43008,tuned_fixed,4,9800,1.509359556634207,1.0169447839868313,0.01435907091177379,0.03959183673469388,0.1,0.1,0.1,0.1,0.0,1.0,0.33040816326530614,0.0,0.1,0.1,0.1,0.1,0.0,1.0,0.128265306122449,0.0
transfer,43008,tuned_fixed,5,11780,1.2247973608874505,0.8091261858952268,0.009633705313429455,0.018760611205432938,0.1,0.1,0.1,0.1,0.0,1.0,0.40797962648556874,0.0,0.1,0.1,0.1,0.1,0.0,1.0,0.19083191850594228,0.0
transfer,43008,tuned_schedule,1,3880,2.7924064238968582,2.1564101189682163,0.03793673269886883,0.2515463917525773,0.09516818459722134,0.09028629856850717,0.1,0.09028629856850717,0.0,1.0,0.17448453608247422,0.0,0.09516818459722134,0.09028629856850717,0.1,0.09028629856850717,0.0,1.0,0.01365979381443299,0.0
transfer,43008,tuned_schedule,2,5840,2.2974640435960194,1.68573129381219,0.02928058410395366,0.12311643835616438,0.0827448735187831,0.0752556237218814,0.09008179959100204,0.0752556237218814,0.0,0.017123287671232876,0.20342465753424657,0.0,0.0827448735187831,0.0752556237218814,0.09008179959100204,0.0752556237218814,0.0,0.017123287671232876,0.006506849315068493,0.0
transfer,43008,tuned_schedule,3,7820,1.8542728304634313,1.2854483438574749,0.02401676812712584,0.06125319693094629,0.06528603706086329,0.05521472392638036,0.07515337423312884,0.05521472392638036,0.0,0.0,0.1829923273657289,0.0,0.06528603706086329,0.05521472392638036,0.07515337423312884,0.05521472392638036,0.0,0.0,0.0011508951406649615,0.0
transfer,43008,tuned_schedule,4,9800,1.4951576824516666,1.0156182227086048,0.01656519756495165,0.03193877551020408,0.04276584867075665,0.030368098159509208,0.055163599182004086,0.030368098159509208,0.0,0.0,0.12010204081632653,0.0,0.04276584867075665,0.030368098159509208,0.055163599182004086,0.030368098159509208,0.0,0.0,0.00020408163265306123,0.0
transfer,43008,tuned_schedule,5,11780,1.2155855215643177,0.8139663336131285,0.0065116433642858585,0.013921901528013583,0.015183875481301711,0.0002044989775051076,0.030112474437627813,0.0002044989775051076,0.03225806451612903,0.0,0.053565365025466896,0.0,0.015183875481301711,0.0002044989775051076,0.030112474437627813,0.0002044989775051076,0.03225806451612903,0.0,8.488964346349746e-05,0.0
transfer,43009,entropy,1,3880,2.7635856579259497,2.1369378499149048,0.0,0.23969072164948454,0.0,0.0,0.0,0.0,1.0,0.0,0.0,0.0,0.0,0.0,0.0,0.0,1.0,0.0,0.0,0.0
transfer,43009,entropy,2,5840,2.2386274959228625,1.596696993055409,0.0,0.12431506849315069,0.0,0.0,0.0,0.0,1.0,0.0,0.0,0.0,0.0,0.0,0.0,0.0,1.0,0.0,0.0,0.0
transfer,43009,entropy,3,7820,1.7802169867107631,1.2078648038837305,0.0,0.06560102301790281,0.0,0.0,0.0,0.0,1.0,0.0,0.0,0.0,0.0,0.0,0.0,0.0,1.0,0.0,0.0,0.0
transfer,43009,entropy,4,9800,1.4391698292384343,0.9486053913831711,0.0,0.03336734693877551,0.0,0.0,0.0,0.0,1.0,0.0,0.0,0.0,0.0,0.0,0.0,0.0,1.0,0.0,0.0,0.0
transfer,43009,entropy,5,11780,1.1742742825419672,0.7638192109523281,0.0,0.015534804753820033,0.0,0.0,0.0,0.0,1.0,0.0,0.0,0.0,0.0,0.0,0.0,0.0,1.0,0.0,0.0,0.0
transfer,43009,lite,1,3880,2.8009283090682375,2.187965754995641,0.040756006069414825,0.26262886597938145,0.06548374249184419,0.03196289192815542,0.07889344513951708,0.055335087936331497,0.0,0.0,0.09510309278350515,0.0,0.08760301455787504,0.031962891928155414,0.09623841843974779,0.09090352089155036,0.0,0.7422680412371134,0.0007731958762886598,0.0
transfer,43009,lite,2,5840,2.30305615379794,1.6687148450172111,0.03619152842778968,0.12534246575342467,0.06240780327890099,0.048122880258249054,0.07515514925980607,0.048122880258249054,0.0,0.0,0.11352739726027397,0.0,0.09237755641502474,0.08137478058104049,0.09738926152625277,0.08137478058104049,0.0,0.7191780821917808,0.0029109589041095892,0.0
transfer,43009,lite,3,7820,1.840756223764261,1.2661215844361677,0.02618290665905681,0.06956521739130435,0.05837553884095626,0.04365796305304585,0.06952410929201538,0.04365796305304585,0.0,0.0,0.1282608695652174,0.0,0.08637664218926909,0.06715476165107288,0.09521008271342621,0.06715476165107288,0.0,0.4859335038363171,0.015728900255754477,0.0
transfer,43009,lite,4,9800,1.4765177829107459,0.9840561914200685,0.01720716823631806,0.037551020408163265,0.052997592746891364,0.04078352244401961,0.06293812901279176,0.04078352244401961,0.0,0.0,0.1439795918367347,0.0,0.07661611661169043,0.054352698702377585,0.08955378561698715,0.05594095585036811,0.0,0.0,0.035510204081632656,0.0
transfer,43009,lite,5,11780,1.1977160645512854,0.783391273740192,0.01130446997420809,0.017062818336162987,0.046758974616058935,0.03063640645063701,0.057665935172506136,0.03196471290387599,0.0,0.0,0.17877758913412564,0.0,0.06720689393147485,0.042513329094239174,0.08199164193625516,0.042513329094239174,0.0,0.0,0.06426146010186758,0.0
transfer,43009,tuned_fixed,1,3880,2.8128082950397864,2.20055573687111,0.043773796419398575,0.2675257731958763,0.10000000000000002,0.1,0.1,0.1,0.0,1.0,0.19536082474226804,0.0,0.10000000000000002,0.1,0.1,0.1,0.0,1.0,0.002061855670103093,0.0
transfer,43009,tuned_fixed,2,5840,2.3131574808530613,1.6863682106749651,0.03451103253076615,0.14092465753424657,0.1,0.1,0.1,0.1,0.0,1.0,0.24606164383561643,0.0,0.1,0.1,0.1,0.1,0.0,1.0,0.007705479452054794,0.0
transfer,43009,tuned_fixed,3,7820,1.848481806640125,1.277897821058093,0.02397370421787973,0.07058823529411765,0.10000000000000003,0.1,0.1,0.1,0.0,1.0,0.29335038363171356,0.0,0.10000000000000003,0.1,0.1,0.1,0.0,1.0,0.04143222506393862,0.0
transfer,43009,tuned_fixed,4,9800,1.4887625090929926,0.994612921865619,0.01585816053712335,0.037959183673469385,0.1,0.1,0.1,0.1,0.0,1.0,0.3358163265306122,0.0,0.1,0.1,0.1,0.1,0.0,1.0,0.09418367346938776,0.0
transfer,43009,tuned_fixed,5,11780,1.2077844084118745,0.784370071970951,0.010385937338855903,0.018421052631578946,0.1,0.1,0.1,0.1,0.0,1.0,0.4095925297113752,0.0,0.1,0.1,0.1,0.1,0.0,1.0,0.16536502546689305,0.0
transfer,43009,tuned_schedule,1,3880,2.8107445875393977,2.1971910429984023,0.04312326340688165,0.2675257731958763,0.09516818459722134,0.09028629856850717,0.1,0.09028629856850717,0.0,1.0,0.18685567010309279,0.0,0.09516818459722134,0.09028629856850717,0.1,0.09028629856850717,0.0,1.0,0.001288659793814433,0.0
transfer,43009,tuned_schedule,2,5840,2.306307257242399,1.6700496302075583,0.03351684350398332,0.13133561643835617,0.0827448735187831,0.0752556237218814,0.09008179959100204,0.0752556237218814,0.0,0.017123287671232876,0.20821917808219179,0.0,0.0827448735187831,0.0752556237218814,0.09008179959100204,0.0752556237218814,0.0,0.017123287671232876,0.0005136986301369863,0.0
transfer,43009,tuned_schedule,3,7820,1.8359054795387761,1.2582825161611941,0.02554453823834373,0.06291560102301791,0.06528603706086329,0.05521472392638036,0.07515337423312884,0.05521472392638036,0.0,0.0,0.17877237851662403,0.0,0.06528603706086329,0.05521472392638036,0.07515337423312884,0.05521472392638036,0.0,0.0,0.0008951406649616369,0.0
transfer,43009,tuned_schedule,4,9800,1.4707719072000105,0.9857622236013412,0.017003325752077067,0.0336734693877551,0.04276584867075665,0.030368098159509208,0.055163599182004086,0.030368098159509208,0.0,0.0,0.12551020408163266,0.0,0.04276584867075665,0.030368098159509208,0.055163599182004086,0.030368098159509208,0.0,0.0,0.0005102040816326531,0.0
transfer,43009,tuned_schedule,5,11780,1.194613890463711,0.7817185621816153,0.006738396486279455,0.015874363327674022,0.015183875481301711,0.0002044989775051076,0.030112474437627813,0.0002044989775051076,0.03225806451612903,0.0,0.04371816638370119,0.0,0.015183875481301711,0.0002044989775051076,0.030112474437627813,0.0002044989775051076,0.03225806451612903,0.0,0.0,0.0
transfer,43010,entropy,1,3880,2.7551650278654294,2.11644854619331,0.0,0.2234536082474227,0.0,0.0,0.0,0.0,1.0,0.0,0.0002577319587628866,0.0002577319587628866,0.0,0.0,0.0,0.0,1.0,0.0,0.0,0.0002577319587628866
transfer,43010,entropy,2,5840,2.2415110193805337,1.5898260629340395,0.0,0.11575342465753424,0.0,0.0,0.0,0.0,1.0,0.0,0.0,0.0,0.0,0.0,0.0,0.0,1.0,0.0,0.0,0.0
transfer,43010,entropy,3,7820,1.785752121711631,1.2089521531253824,0.0,0.06828644501278773,0.0,0.0,0.0,0.0,1.0,0.0,0.0,0.0,0.0,0.0,0.0,0.0,1.0,0.0,0.0,0.0
transfer,43010,entropy,4,9800,1.4472536520021302,0.9695661711449526,0.0,0.04418367346938776,0.0,0.0,0.0,0.0,1.0,0.0,0.0,0.0,0.0,0.0,0.0,0.0,1.0,0.0,0.0,0.0
transfer,43010,entropy,5,11780,1.1954749947290468,0.7805381904534856,0.0,0.019524617996604415,0.0,0.0,0.0,0.0,1.0,0.0,0.0,0.0,0.0,0.0,0.0,0.0,1.0,0.0,0.0,0.0
transfer,43010,lite,1,3880,2.791651319320669,2.16840221832708,0.039005269110512206,0.2533505154639175,0.06313776967157561,0.03196289192815542,0.07601887269676892,0.05333802580495549,0.0,0.0,0.10489690721649485,0.0002577319587628866,0.08734476248520907,0.031962891928155414,0.09600429114804118,0.09030926049684909,0.0,0.7164948453608248,0.0005154639175257732,0.0002577319587628866
transfer,43010,lite,2,5840,2.298827072773894,1.6651807831574792,0.03522285714533069,0.1327054794520548,0.06182869615714069,0.04767149718551604,0.07407038457999969,0.04767149718551604,0.0,0.0,0.12688356164383563,0.0,0.09246844874476319,0.08222571273512799,0.09723666905407913,0.08222571273512799,0.0,0.7534246575342466,0.0025684931506849314,0.0
transfer,43010,lite,3,7820,1.8433511358240375,1.269845864961824,0.02610050119545509,0.0710997442455243,0.05593422478697672,0.03943100232059336,0.06686025767928022,0.03943100232059336,0.0,0.0,0.1309462915601023,0.0,0.08720849635271798,0.07260858378280027,0.09465190583668497,0.07260858378280027,0.0,0.4859335038363171,0.009335038363171356,0.0
transfer,43010,lite,4,9800,1.4889873636012174,0.9920281885838022,0.01759368517937068,0.04224489795918367,0.052277121995132826,0.0392550195858911,0.0639994397883567,0.03962895156393498,0.0,0.0,0.14918367346938777,0.0,0.07833738885947622,0.05437024972853958,0.09115595299682815,0.05437024972853958,0.0,0.05102040816326531,0.031224489795918367,0.0
transfer,43010,lite,5,11780,1.2156568067233713,0.8041173615864461,0.01160227100912872,0.021137521222410867,0.046189904068202975,0.03443785207556466,0.05823475084354995,0.03865691884947433,0.0,0.0,0.17826825127334464,0.0,0.06848493128774377,0.04656890617418582,0.08488790443977766,0.04981727478381853,0.0,0.0,0.0635823429541596,0.0
transfer,43010,tuned_fixed,1,3880,2.8065048132667836,2.1829619733328673,0.04186674471076781,0.256701030927835,0.10000000000000002,0.1,0.1,0.1,0.0,1.0,0.2020618556701031,0.0,0.10000000000000002,0.1,0.1,0.1,0.0,1.0,0.0015463917525773195,0.0002577319587628866
transfer,43010,tuned_fixed,2,5840,2.308366737729066,1.6667225863019082,0.032410328346838345,0.1339041095890411,0.1,0.1,0.1,0.1,0.0,1.0,0.25616438356164384,0.0,0.1,0.1,0.1,0.1,0.0,1.0,0.01934931506849315,0.0
transfer,43010,tuned_fixed,3,7820,1.8508755458132995,1.2853097411067895,0.02262927279191832,0.0758312020460358,0.10000000000000003,0.1,0.1,0.1,0.0,1.0,0.29744245524296675,0.0,0.10000000000000003,0.1,0.1,0.1,0.0,1.0,0.05920716112531969,0.0
transfer,43010,tuned_fixed,4,9800,1.4962545986686433,0.9957263757987899,0.01523824915299965,0.0460204081632653,0.1,0.1,0.1,0.1,0.0,1.0,0.3346938775510204,0.0,0.1,0.1,0.1,0.1,0.0,1.0,0.1256122448979592,0.0
transfer,43010,tuned_fixed,5,11780,1.218572542448299,0.7999196377897505,0.010280417781408459,0.02402376910016978,0.1,0.1,0.1,0.1,0.0,1.0,0.4078098471986418,0.0,0.1,0.1,0.1,0.1,0.0,1.0,0.18582342954159592,0.0
transfer,43010,tuned_schedule,1,3880,2.802846445496549,2.178226962531965,0.04169186744190305,0.25489690721649483,0.09516818459722134,0.09028629856850717,0.1,0.09028629856850717,0.0,1.0,0.1925257731958763,0.0,0.09516818459722134,0.09028629856850717,0.1,0.09028629856850717,0.0,1.0,0.001288659793814433,0.0002577319587628866
transfer,43010,tuned_schedule,2,5840,2.309091577301287,1.6864302913620048,0.033242090909503495,0.12157534246575342,0.0827448735187831,0.0752556237218814,0.09008179959100204,0.0752556237218814,0.0,0.017123287671232876,0.21541095890410958,0.0,0.0827448735187831,0.0752556237218814,0.09008179959100204,0.0752556237218814,0.0,0.017123287671232876,0.0006849315068493151,0.0
transfer,43010,tuned_schedule,3,7820,1.8422168105154697,1.2715033155572995,0.0250750213001055,0.06777493606138107,0.06528603706086329,0.05521472392638036,0.07515337423312884,0.05521472392638036,0.0,0.0,0.19156010230179027,0.0,0.06528603706086329,0.05521472392638036,0.07515337423312884,0.05521472392638036,0.0,0.0,0.0006393861892583121,0.0
transfer,43010,tuned_schedule,4,9800,1.4814466747398278,0.9868327064173562,0.016852728274062215,0.04081632653061224,0.04276584867075665,0.030368098159509208,0.055163599182004086,0.030368098159509208,0.0,0.0,0.13326530612244897,0.0,0.04276584867075665,0.030368098159509208,0.055163599182004086,0.030368098159509208,0.0,0.0,0.00020408163265306123,0.0
transfer,43010,tuned_schedule,5,11780,1.2056827156268477,0.7966587092151869,0.006556417919332358,0.019015280135823428,0.015183875481301711,0.0002044989775051076,0.030112474437627813,0.0002044989775051076,0.03225806451612903,0.0,0.0599320882852292,0.0,0.015183875481301711,0.0002044989775051076,0.030112474437627813,0.0002044989775051076,0.03225806451612903,0.0,0.0,0.0
